Intersection_ID,Latitude,Longitude,LatestCountTotal,total_pop,black,hse_units,occup,Tree,Traffic,UdLand,Resi,Vaca,Comm,Recr,ComSev,Indu,Publi,Forc,Assault,Breaking & Entering,Homicide,Other Sexual Offense,Robbery,Sexual Assault,Sexual Offense,Theft,Theft of Vehicle,BusStop,Abandoned Vehicles (Req_Serv),Animals (Req_Serv),Assessment Issue (Req_Serv),BMHA Issue (Req_Serv),Basement Flooding (Req_Serv),Basketball Hoop in RoW (Req_Serv),Bike Rack (Req_Serv),Boarding request (Req_Serv),Bridge Issue (Req_Serv),Buffalo Traffic Violations (Req_Serv),Building Maintenance (Req_Serv),Bulk Trash (Req_Serv),Cave In (Req_Serv),Chicken Coop (Req_Serv),City Clerk Issue (Req_Serv),City Park Tree Issue (Req_Serv),City Parks (Req_Serv),City Property (Req_Serv),CityHall_CityCourt Maintenance (Req_Serv),Curb - Metal Protruding (Req_Serv),Curbs (Req_Serv),Damage from Street Worker (Req_Serv),Damaged Street Light Pole (Req_Serv),Dead Animal Removal (Req_Serv),Dog License Issue (Req_Serv),Electrical Issue (Req_Serv),Electronic Waste (Req_Serv),Engineering Operational (Req_Serv),Excess Trash (Req_Serv),Fair Housing Issue (Req_Serv),Fallen Tree Blocking RoW (Req_Serv),Fallen Tree Inspection (Req_Serv),Fire (Req_Serv),Fire Hydrant Issue (Req_Serv),Fridge (Req_Serv),Garbage Missed Pick Up (Req_Serv),Graffiti Private Property (Req_Serv),Great American Clean-Up (Req_Serv),Housing Violations (Req_Serv),Illegal Dumping (Req_Serv),Illegal Dumping Curb (Req_Serv),Illegal Dumping PrivateProperty (Req_Serv),Illegal Dumping Street (Req_Serv),Inrem Real Estate (Req_Serv),Lead Paint Inspection (Req_Serv),Leaves / Lawn Debris (Req_Serv),Missed Pickup 2_Piece Large Trash (Req_Serv),Neighborhood CleanUp (Req_Serv),OSP Other Issue (Req_Serv),Obscene City Property (Req_Serv),Obscene PW Traffic (Req_Serv),Obscene Parks City (Req_Serv),Obscene Private Property (Req_Serv),Olmsted Parks (Req_Serv),Open311 Graffiti,Open311 Housing,Other (Req_Serv),Other Adjudication Issue (Req_Serv),Other Hole in Road (Req_Serv),PVB Mobile App Issue,PVB Single Meter (Req_Serv),PW Engineering (Req_Serv),PW Missing Manhole Cover (Req_Serv),PW Neighborhood Traffic Calming (Req_Serv),PW Ongoing Construction (Req_Serv),PW Traffic (Req_Serv),PW Vacant Lot (Req_Serv),Park Garbage Pickup (Req_Serv),Parking Issues (Req_Serv),Pavement Marking Lines (Req_Serv),Paving (Req_Serv),Pest (Req_Serv),Pest_Private Trap,Pick and Pay (Req_Serv),Police Issue (Req_Serv),Pot Hole (Req_Serv),Private Property (Req_Serv),QRT Illegal Dumping on Viaduct (Req_Serv),QRT Other Issue (Req_Serv),QRT Snow Removal (Req_Serv),Quality of Life Issue (Req_Serv),Rain Barrels (Req_Serv),Recycling - Escalated Questions (Req_Serv),Recycling Missed Pick Up (Req_Serv),Recycling Tote Abandon Pickup (Req_Serv),Recycling Tote Combo (Req_Serv),Recycling Tote Deliver (Req_Serv),Recycling Tote Pickup (Req_Serv),Recycling Tote Replace (Req_Serv),Rental Registration (Req_Serv),Right of Way Issue (Req_Serv),Rodents (Req_Serv),Save Our Streets Program (Req_Serv),Sewer (Req_Serv),Sidewalks (Req_Serv),Sign Hazards (Req_Serv),Sign Maintenance (Req_Serv),Signal Issue DoT (Req_Serv),Signal Other Issue (Req_Serv),Signal Out or Flashing (Req_Serv),Signal Timing Issue City (Req_Serv),Sneakers Hanging (Req_Serv),Snow Removal Bus Stop/Shelter (Req_Serv),Snow Removal Inspection (Req_Serv),Special Event Totes (Req_Serv),Street Flooding (Req_Serv),Street Salting (Req_Serv),Street Snow Plowing (Req_Serv),Street Snow Plowing Issue (Req_Serv),Streetlights (Req_Serv),Stump Removal (Req_Serv),Sweeper (Req_Serv),Taxation Issue (Req_Serv),Telecommunications (Req_Serv),Totes Abandon Pickup (Req_Serv),Totes Audit (Req_Serv),Totes Combo (Req_Serv),Totes Deliver (Req_Serv),Totes Pickup (Req_Serv),Totes Replace (Req_Serv),Totes Report of Removed Broken Tote (Req_Serv),Trash Ordinance Violation (Req_Serv),Tree Other (Req_Serv),Tree Planting Request (Req_Serv),Tree Removal (Req_SERV),Tree Removal Challenge (Req_Serv),Tree Removal Quality Issue (Req_serv),Tree Trimming Quality Issue (Req_Serv),Tree Trimming Request (Req_Serv),User Fee (Req_Serv),Water Issue (Req_Serv),Water Tested (Req_Serv),Water_Billing_Meter (Req_Serv)
1,42.886148,-78.879889,23,2447,1339,489,337,644,4610,2,,5,49,5,26,,4,6,1338,746,12,40,220,68,20,3540,246,44,,2,2,2,,,,2,,182,2,,2,,10,,,,2,,,,,,2,,,2,,2,,,,,,22,,,4,,,,,,,,,,6,,,,,,,,,2,,22,2,,,2,,,,,14,4,2,,,,14,594,,,2,,2,,,4,,,,,,4,,,,,2,6,16,,2,,2,,,,,,,,,2,,,,2,,,,,,2,,,,,,,,,2,4,,,
3,42.956887,-78.869427,"13,215",1642,361,964,860,628,2668,,385,36,59,2,2,1,,,224,284,,6,86,8,4,1434,150,20,,2,,,,,,,,,,,,,,,,,,,,,,2,,,,,,,,,,,,10,,,16,,,2,,,,,8,,2,,,,,,,,,,2,,,,,,2,,,,2,,,,,,6,198,,,,,,,2,,,,,,2,,,4,,,4,2,,,,,,,,,,,,,,2,,,,,,,2,,,10,,2,,,2,,,,2,4,,,
4,42.947708,-78.855858,"7,848",3143,351,1692,1549,1092,2076,0,796,14,111,,8,,,,314,316,,12,122,10,,1406,212,18,,4,,,,,,,,,,,,,,,,,,,4,,6,2,,2,,,,,,,,,,10,,2,22,,,,4,,,12,10,,,,,,,,2,20,,,4,,,,,2,,,,,16,2,4,,,2,12,470,,,2,,2,,,12,,,,,6,,2,8,,,,2,6,,,2,,,,2,,2,,,,26,,2,,,,,2,2,,36,,,,4,8,,,,,2,2,,
5,42.947764,-78.864423,"8,385",3839,784,1979,1792,1146,2946,0,878,14,91,,6,,,,394,348,2,14,140,8,,1124,180,16,,2,,,,,,,,,,,,,,,,,,,2,,4,,,,,,,,,2,,2,,24,,,42,2,,,2,,2,12,2,,,,,,,,,8,,,,,,,,,,,,,40,6,,8,,10,2,518,,,4,,6,,,14,,2,2,,4,,,20,,,4,,4,,,2,2,,2,,,2,,,,20,,2,,,4,,6,2,,26,,2,6,34,2,,,,2,2,4,,
6,42.942,-78.86783,"14,390",1914,301,1194,1078,752,2592,2,377,5,66,2,2,,,,268,334,,2,140,22,4,2536,116,22,,,2,,,,,,,,,,2,,,,,,,,6,,4,2,,,,,,,,,,,,,,,10,,,,,,,8,,,,,,,,,,,,,,,,,,,6,,,,4,4,,2,,2,20,246,,,,,2,,,12,6,,2,,4,,,8,,2,12,,2,,,2,,,,,,,,,,8,,,,,2,,,2,2,20,,,2,,,,,,2,2,,,
7,42.944637,-78.868151,"15,420",1653,355,920,827,572,3756,5,367,8,66,0,3,0,,,222,264,,6,142,14,4,3558,116,18,,,,,,,,,,,,,,,,,,,,,6,,6,,,,,,,,,,,,,10,,,16,,,,,,,10,,,,,,,,,,,,,,,,,,,,,,,6,2,,2,,4,2,234,,,4,,,,4,6,4,,,,2,,,4,,,10,2,2,,,2,,,4,,,,,,,2,2,,,,2,2,2,,,18,,2,4,,,,,,4,2,,,
8,42.929491,-78.849567,"11,262",1742,522,817,708,1020,2980,,372,19,77,,5,,2,0,418,282,4,20,78,50,8,982,184,22,,2,,4,,,,,,,,,,,,,,,,,4,,,6,,,2,,,2,2,,,,,8,,,30,,,,,,,8,4,,,,,,,,,,,,2,,,,,,8,,,,2,,2,4,,2,10,304,,,,,2,,8,6,,,,,2,,,6,,,6,,2,,,2,2,,,,,,,,,6,,,,,,2,,,,12,,,2,2,8,,,,2,,,,
9,42.931456,-78.847459,"9,133",1843,706,893,757,1028,994,0,437,28,81,,7,,0,,410,250,4,24,68,48,10,870,152,10,,2,,,2,,,,,,,,,,,,,,,,,,8,2,,,,,,,2,,,,,34,,,36,,,,,,2,4,4,,,,,,,,,,,,2,,,,,,2,,4,,10,,,4,,,12,348,,,2,,14,,2,8,,2,,,6,,,8,,,,2,2,,2,2,4,,,,,,,,,12,,4,,,,,4,2,,18,,4,,2,4,,,,6,,,,
10,42.933004,-78.845845,"9,944",1812,812,935,798,1006,990,7,400,50,81,4,15,,,,224,284,,22,94,16,4,652,122,14,,2,,,2,,,,,,,,,,,,,,,,,,10,2,,,,,,,2,,,,,42,,,32,,,,,,2,2,10,,,,,,,,,,,,,,,,,,2,,4,,10,,,4,,2,8,350,,,2,,14,,2,2,,2,2,,6,,,6,,,,4,2,,2,2,4,,2,,,,,,,10,,4,,,2,,4,6,,14,,4,,2,2,,,,8,,,,
12,42.936422,-78.842141,"9,936",1764,761,934,780,1066,1662,5,443,69,80,4,12,5,3,,434,348,12,16,232,26,,1142,224,18,2,2,,,,,,,,,,2,4,,,,,,,,2,,2,2,,,,,2,2,,,,,,16,,,30,,,,,,,,4,,,,,,,,,6,,,,,,,,,8,,,,2,,,,6,2,2,336,,,2,,,,2,,2,,,,6,,,12,,2,,,,,2,6,,,2,,,,,,,8,,,,,2,,2,,4,16,,,2,,2,,,,,,,,
13,42.947588,-78.84403,"10,544",2712,365,1295,1198,1532,1186,,855,10,74,,2,,2,,142,222,4,2,66,8,,828,94,14,,2,,,,,,,2,,,,4,,,,,2,,,,2,2,12,,,,,6,2,,2,,,2,6,,,40,,,,,,,16,8,,,,,,,,,4,,,6,,2,,,,,,,,10,4,4,,,6,8,628,,,,,10,,4,10,4,,,2,,,,28,,2,2,2,8,,,,,,,,,,,,,28,,,,,,2,2,,2,24,,2,,2,10,,,,4,,,,
14,42.941881,-78.836193,"8,263",2255,1206,1302,1169,1290,2258,,373,28,80,4,16,,4,2,564,504,4,38,374,22,6,1390,220,32,,6,,,,,,,,,,2,,,,,,,,,,,4,,,,,,4,,,,,,,16,,,44,,4,,,,,8,4,,,,,,,,,2,,,,,,,,2,2,,2,,4,,2,2,,,6,374,,,2,,2,,2,4,,,,4,4,,,8,,,2,2,2,,6,6,2,,,,,2,,,,6,,2,,,,,,,6,18,,,,,4,,,,2,,,2,
15,42.943148,-78.834803,"11,114",2006,1003,1155,1044,1230,1902,,382,11,67,1,11,0,2,2,352,368,2,22,154,10,6,916,138,16,,4,,,,,,,,,,2,,,,,,,,,,,2,,,,,,,,2,,,,,22,,,44,,,,,,,12,2,,,,,,,,,4,,,,,,,,,,,,,2,,,4,,,4,422,,,2,,2,,,2,,,,4,,,,,,,,4,6,,2,,2,,,,,2,,,,8,,2,,,,,,,6,14,,,,,2,,,,,,,2,2
16,42.947071,-78.830494,503,1505,655,768,688,754,2366,,264,50,70,2,7,3,6,4,392,484,4,22,214,16,,1086,194,22,,,,,,,,,,,,,,,,,,,,,,,,,,,,,,,,2,,,,18,6,,20,,,,,,,2,8,,,,,,,,,4,,,,,,,,,2,,4,,,,,2,4,,4,266,,,2,,,,,2,,,2,2,6,,,2,,2,2,2,6,,4,2,,,,,,,,,,4,,,,,2,,,,4,20,,6,,,,,,,6,,,,
17,42.947583,-78.829924,"15,165",1884,850,937,842,816,2656,,308,60,81,2,7,3,7,3,556,664,6,16,310,20,,1336,278,22,,,,,,,,,,,,,,,,,,,,,,,,2,,,,,,,,2,,,,22,10,,30,,,,,,,2,12,,,,,,,,,6,,,,,,,,,2,,6,,6,,,2,4,,4,286,,,2,,6,,,4,,,2,,8,,,6,,2,2,2,8,,4,2,,,,,,,,,,8,,,,,2,,,4,,24,,14,,,,,,,6,,,,
18,42.948109,-78.829329,"15,604",2070,901,989,885,828,2862,,347,57,85,2,5,2,5,1,578,676,8,16,320,20,,1336,248,20,,,,,,,,,,,,,,,,,,,,,2,,,,,,,,,,,2,,,,22,10,,34,,,,,,,4,12,,,,,,,,,4,,,,,,,,,2,,6,,6,,,2,4,,2,282,,,2,,6,,,4,,,4,,12,,2,4,,2,2,6,8,,4,2,2,,,,,,,,,8,,,,,,,,4,,34,,14,,,,,,,4,,,,
19,42.949576,-78.827671,"12,136",2892,978,1284,1172,996,3936,,570,33,106,,5,0,2,2,898,1204,12,32,452,34,6,2360,386,22,2,2,,,,,,,,,,,,,,,,,,,2,,8,,,,,,4,,2,4,,,,22,10,,50,,2,,,,,4,20,,,,,,,,,8,,,,,,,,,4,,6,,14,2,,4,,6,6,452,,,2,,2,,,4,,,2,,12,,2,8,,2,,4,8,,6,2,2,,,,,,,,,20,,,,,,,2,8,2,54,,8,,,2,,,,,,2,,
20,42.951449,-78.825578,"16,091",3571,687,1414,1303,1380,3740,,834,25,96,,8,,,6,700,1302,12,34,326,24,8,1920,226,22,,4,,,,,,,,,,4,,,,,,,,,4,,8,,,,,2,8,,,2,2,,,32,10,,94,,2,,,4,,6,28,,,,,,,,,44,,,,,,,,,4,,,,22,4,,6,,,10,768,,,,,12,,,8,,4,4,,8,,2,14,,4,2,8,14,,2,2,2,,,,,,,,,22,,,,,,,6,6,2,62,,2,,,2,,2,,4,,2,,
21,42.951837,-78.82516,"9,609",3536,620,1364,1256,1348,3416,,799,23,91,,9,,,6,712,1316,10,38,332,26,6,1946,246,20,,2,,,,,,,,,,2,,,,,,,,,2,,6,,,,,2,6,,,2,2,,,30,10,,102,,2,,,4,,4,20,,,,,,,,,40,,,,,,,,2,2,,,,18,4,,6,,,10,728,,,,,12,,,8,,4,4,,6,,2,14,,4,2,12,12,,2,2,2,,,,,,,,,20,,,,,,,6,6,2,52,,2,,,2,,,,2,,2,,
22,42.95244,-78.824476,"12,262",3278,489,1240,1148,1256,3438,,698,22,82,,9,,,4,618,994,6,26,310,18,6,1704,200,18,,2,,,,,,,,,,2,,,,,,,,,2,,8,,,,,2,4,,,2,2,,,30,4,,120,,2,,,4,,2,14,,,,,,,,,22,,,,,,,,,,,,,16,4,,4,,,2,624,,,,,8,,,8,,4,4,,8,,2,14,,4,2,6,12,,2,2,2,,,,,,,,,18,,,,,,,6,6,2,42,,2,,2,,,,,2,,,,
23,42.953082,-78.823768,"12,877",2811,370,1055,984,1190,3174,,624,18,74,,10,,,2,394,670,4,22,222,16,6,1378,156,30,,,,,,,,,,,,2,,,,,,,,,,,8,,,,,2,,,2,,2,,,28,,2,92,,4,,,4,,6,8,,,,,,,,,12,,,,,,,,,2,,,,8,2,,6,,,2,526,,,,,6,,,8,,4,4,,6,,,14,,2,,8,14,,2,2,2,,,,,,,,,14,,2,,,,,8,6,2,34,,,,2,,,,,2,,,,
95,42.950762,-78.826339,"13,710",3373,803,1426,1314,1218,3400,,766,23,113,,9,,,6,802,1314,10,38,362,30,6,2164,298,18,2,4,,,,,,,,,,,,,,,,,,,4,,10,,,,,,8,,,2,2,,,40,10,,76,,2,,,4,,4,28,,,,,,,,,44,,,,,,,,,4,,,,16,4,,6,,,8,690,,,,,10,,,6,,4,4,,10,,2,12,,4,2,,8,,2,,2,,,,,,,,,22,,,,,,,6,6,2,60,,4,,,2,,,,,,2,,
96,42.89028,-78.881813,"12,541",2571,901,1926,1337,806,2060,1,180,20,152,2,11,,,2,830,566,8,36,338,48,4,2986,334,32,2,,,,,,,,,,,,2,,,,2,2,,,,,4,4,,,,,,,,,4,,,8,2,,36,,,,,,,2,2,,,,,,,,,,,,,,,,2,,2,2,,,26,4,2,6,,,34,362,,,,,6,,,8,,2,,,4,,,12,,2,2,6,2,,,,,,,,,,,,,4,,2,,,4,2,2,2,,4,,2,,,4,,,,,,,,
97,42.887706,-78.879367,"8,914",2220,1064,830,588,802,4174,2,64,10,160,6,24,,1,4,1620,936,22,52,408,66,22,4962,424,50,,2,2,2,,,,2,,182,2,,2,,10,,,,2,,,,4,2,2,,,2,,2,,,2,,,12,,,4,,,,,,,,,,6,,,,,,,2,,2,,22,2,,,2,2,2,,,28,6,2,,,,20,642,,,2,,6,,,8,,2,2,,2,4,,10,,,4,8,14,,2,,2,,,,,,,,,2,,2,,2,4,2,2,2,,2,,,,,,,2,,2,4,,,
114,42.889578,-78.878745,"6,585",1890,508,1621,1163,950,3888,2,133,26,225,5,15,,1,4,2170,696,16,36,532,72,12,5536,540,50,,2,2,2,,,2,2,,182,,2,2,,10,,2,2,2,,,,4,2,2,2,,,,2,,2,2,,2,10,2,,32,,,,,,,2,10,,6,,,,,,,4,,2,,24,2,,,2,2,2,,,36,4,2,6,,2,50,792,,,,,12,,,10,,2,2,,4,4,,12,,,4,8,8,,,,,,,2,,,,,,6,,2,,2,4,2,2,2,,6,,2,,,2,,2,,2,4,,,
115,42.889314,-78.877191,"11,442",990,228,866,642,968,4348,2,73,15,227,5,14,,2,4,2314,544,14,46,444,72,32,4798,488,66,,,,,,,2,,,,,,,,,,,2,,,,,4,2,,,,,,,,,2,,,6,,,2,,,,,,,2,,,,,,,,,,4,,,,,,,,,2,2,,,22,6,2,,,,12,246,,,,,10,,,8,,2,2,,2,,,18,,,2,6,14,,,,,,,2,,,,,,6,,2,,,4,2,2,2,,6,,,,,,,2,,,2,,,
124,42.893987,-78.875699,"12,593",1484,296,1262,1021,890,4598,,208,70,246,8,16,,2,1,1076,484,8,24,326,40,4,3416,438,48,,,,,,,2,,,,,2,6,,,,,,,,2,,,,,2,,,,,,2,,,2,14,,,16,,,,,,,10,8,,,,,,,,,,,,2,2,,,,,,,,,4,8,,,,2,40,370,,,,,12,,,8,4,4,4,,8,,,,,2,4,6,6,,2,,,,,2,,,,,,2,,2,,,,2,2,2,2,32,,4,,,,,,,2,,2,,
126,42.896099,-78.876684,"4,740",2332,302,1774,1463,1044,3686,,545,86,282,4,18,1,,0,694,562,10,14,294,34,,2798,342,28,,,,,,,,,,,,,10,,,,,2,,,2,2,,,,,,,4,,2,,,,,36,,,20,,2,2,,,,10,18,,,,,,,,2,6,,,,,,,,,12,,2,,16,6,4,6,,2,18,602,,,,,2,,,14,2,6,4,,10,,2,8,,2,6,6,8,,2,,,,,,,4,,,,2,,,,,,4,4,2,6,42,,2,,,,,,,6,,2,,
129,42.892845,-78.884257,"7,781",2723,819,1618,1152,848,2172,2,326,119,134,0,12,,2,,842,586,12,14,290,44,10,2922,322,18,2,2,,,,,,,,,,,6,,,,,,,,,,6,4,,6,,,2,,,,2,,,16,,,24,,2,,,,,2,8,,,,,,,,,,,,,,,,2,,2,,,,10,,4,,,2,18,398,,,,,14,,,8,,,,,10,,2,6,,4,2,2,,,,,,,,,,,,,,2,,,,,,4,,2,,18,,2,,,8,,,2,,2,,,
130,42.935358,-78.866237,"21,417",704,77,410,385,1520,4130,,147,6,2,,0,,,0,30,60,2,2,16,2,,250,18,12,,,,,,,,,,,,,,,,,,,,,,,,,,,,,,,,,,,,,,,,,2,,,,,2,,,,,,,,,,,,,,,,,,,,,2,,,,,,,,6,114,,,,,,,,2,2,,,2,2,,,,,,,,2,,2,,,,,,,,,,,4,,,,,,,,2,,2,,,,,,,2,,2,,,,
131,42.899456,-78.877119,"11,327",3211,406,2181,1934,1368,4242,,585,70,302,5,10,1,,1,1014,708,10,14,434,50,4,3654,494,16,,,,,,,,2,,,,,8,,,,2,2,,,,4,,,,,,,6,,2,,,2,,44,4,,46,,2,,,,,6,12,,,,,,,,2,24,,,,,,,,,10,,,,54,,4,4,,2,38,974,,,,,20,,,30,,,4,,12,,16,12,,6,12,4,6,,,,2,,,,,,,,,4,,2,,,,2,4,6,,46,,4,2,2,2,,,,2,4,2,,
133,42.899399,-78.869896,"8,194",1268,453,1100,883,1110,2744,,70,64,217,1,37,,2,0,686,550,12,22,320,46,6,2700,262,28,,2,,,,,,,,,,4,,,,,,,,,,,,,,,,,2,,4,,,,,4,,,12,,,,,,,,2,,,,,,,,,2,,,,,,,,,,,,,24,4,,,,,10,328,,,,,8,,,6,,,,,4,2,4,,,2,10,4,4,,,,,,,,,,,,,6,,,,,,2,,4,,2,,2,2,,2,,,,,2,,,
135,42.901319,-78.892166,"12,723",3052,523,1754,1432,2268,2188,,381,70,76,,24,,2,2,426,504,8,22,154,24,4,1530,184,40,,,,,,,,,,,,2,,,,,4,,,,,,,,,,,,2,2,,2,,,,20,,,52,,2,,,,2,12,2,,2,,,,,,,4,,,,,,,,,4,,2,,10,6,4,2,,2,,460,,,,2,2,,6,4,4,2,2,,4,,2,10,,,2,,2,,,12,2,,,,,,,,,4,,4,,,2,2,2,,,34,,4,,2,4,,,,4,,,,
136,42.902262,-78.87711,"7,425",3638,689,2802,2542,1078,3552,,363,34,292,8,9,,2,3,738,662,10,32,384,48,8,3886,434,22,,,,6,,,,2,,,,,12,,,,2,2,,,,4,4,,,,,,,2,,,,,,42,6,,46,,,,,,,2,4,,,,,,,,2,8,,,,,,,,,8,,,,16,,,2,,2,26,632,,,6,,6,,,20,,,6,,10,,12,8,,2,2,2,2,,4,,4,,,,2,,,,,,,2,,,,2,2,4,,30,,6,,4,,,,,,4,2,,
137,42.904749,-78.877122,"7,885",3199,672,2597,2302,810,2300,0,210,12,207,6,14,,1,,316,520,2,6,234,16,6,2026,258,32,,2,,2,,,,,,,,,,,,,,,,,,,6,,,,,,,2,2,,,2,,14,2,,26,,,,,,,6,12,,,,,,,,,2,,,,,,,,,8,,,,18,2,2,2,,2,12,348,,,4,,,,2,14,,,6,,18,,,4,,2,,,6,,,,12,,,,,,,,,18,,,,,,,,4,,18,,2,2,,,,,,2,,,,2
138,42.902236,-78.873013,"12,841",2748,592,2288,1949,898,3274,,173,39,163,4,16,1,,2,402,422,6,24,264,34,2,3008,254,26,,,,6,,,,,,,,2,4,,,,,,,,,2,,2,,,,,,2,,,,,,10,,,30,,,,,,,,2,,,,,,,,,,,,,,,,,,4,,,,26,8,,,,,18,496,,,2,,8,,,10,,,6,,6,,6,,,,8,,4,,4,,14,,,,2,,,,,14,,4,,,,,,2,,6,,,4,6,2,,,,,2,,,
139,42.904613,-78.868163,"11,380",1959,905,1450,1220,1058,2486,4,135,131,103,,22,6,6,0,498,396,6,20,204,22,4,2168,218,46,,,,,,,,,,,,2,,,,,,,,,,,,,,,,,,,,,,,,18,,,16,,,,,,,8,2,,,,,,,,,,,,,,,,,,,,6,,10,8,,,,2,4,328,,,,,4,,,4,,,,,4,,,,,,2,2,8,,,4,12,,2,,,,,,,18,,4,,,,2,2,,,8,,4,4,,2,,,,2,4,,,
143,42.911298,-78.877078,"8,246",3895,441,2710,2372,1400,2706,2,648,35,223,,14,1,6,,494,724,4,6,318,26,,3062,440,32,4,2,,,,,,,,,,6,4,,,,,,,,,4,2,,,,,,4,2,,2,,,,16,2,,36,,,,,2,,20,22,,2,,,,,,2,8,,,,,,,2,,2,,2,,64,,,,,6,14,594,,,,2,20,,6,42,,,6,,10,,,8,,,10,,,,,2,,,,,,,,,,14,2,2,,,,,4,4,,28,,4,,4,4,,,,8,,4,,
144,42.911278,-78.870334,"11,929",3239,770,2139,1913,968,2130,2,259,46,459,2,20,2,1,,390,444,2,6,186,30,8,1826,184,42,,,,,,,,,,,,,2,,,,,,,,,,,2,,,,,,2,,2,,2,,8,,,56,,,,,,2,16,,,,,,,,,2,8,,,,,,,,,,,2,,10,,,,,,16,374,,,,,8,,,12,,,,,,,2,,2,,4,,2,,,,,,,,,4,,,,6,,2,,,,,2,2,,12,,6,,,,,,,,2,2,,2
145,42.91125,-78.865912,"10,791",2454,1269,1572,1321,856,2830,,205,140,127,2,27,1,4,,752,626,10,16,380,38,6,2338,368,44,,,,,,,,,,,,,6,,,,,,,,,,2,4,,,,,,2,,,,2,,8,,,52,,,,,,,4,6,,,,,,,,,2,,,2,,,,,,,,16,,8,2,,,,4,18,366,,,,,12,,,2,,,2,2,2,,4,2,2,,6,2,2,,,,,,,,,,,,,10,,,2,,,4,,2,,12,,4,,,,,,,2,2,2,,
146,42.915394,-78.869174,"14,363",2868,571,1887,1689,936,1814,2,315,40,658,,23,0,,,230,316,2,26,98,8,4,1530,162,16,2,2,,2,,,,,,,,,,,,,,,,,,,2,2,,,2,,,,,,,,,10,,,12,,,,,,,12,2,,,,,,,,,,,,,,,,,,10,,,,26,4,,8,8,,4,338,,,2,,2,,,18,,2,,,,,2,,,2,2,2,2,,,2,,,,,,,,,,10,,2,,,2,,2,2,,10,,,,,2,,,,,,,,
147,42.915346,-78.86443,"8,679",1600,890,1011,860,814,1940,3,313,131,114,4,17,2,4,,478,414,6,12,226,16,6,1242,258,28,2,4,,2,,,,,,,,,,,,,,,,,,,,,,,,,4,,,,,,,34,2,,30,,2,,,,,4,4,,,,,,,,,6,,,,,,,,,4,,,,12,4,,8,8,2,2,312,,,,,2,,,4,,,,,,,2,4,,2,4,,2,,2,,,,,,,,,,,6,,2,2,,2,2,2,2,,14,,,,,,,,,,,,,
148,42.917489,-78.862225,"8,535",1129,770,663,545,704,1230,3,254,101,88,4,9,4,4,,244,300,2,4,104,16,2,716,226,20,,,,,,,,,,,,,2,,,,,,,,,,,8,,,,,4,,2,,,,,32,2,,22,2,,2,,,,4,6,,,,,,,,,6,,,,,,,,,2,,,,2,,,2,,,2,228,,,,,,,,6,,,,,,,,4,,2,2,,,,2,4,,,,,,2,,,,2,,,,,2,2,2,,,14,,,,,2,,,,,,,,
150,42.922284,-78.867305,"12,430",2484,647,1232,1083,1172,2358,,458,33,168,,3,,,2,190,272,8,10,154,16,4,1422,164,32,,6,,,,,,,,,,,2,,,,,,,,,4,4,2,,,,,,,2,,,,,20,,,24,,,,,,,10,2,,,,,,,,,8,,,,,,,,,6,,,,36,8,2,2,,,10,432,,,2,,6,,,8,2,2,,,6,,,2,,,12,,2,,,2,4,,,,,2,,,,6,,,,,2,,2,2,2,14,,,,,4,,,,6,,,,
152,42.922205,-78.857294,"12,905",1252,569,359,269,410,1416,,157,54,28,,9,0,4,0,178,224,,4,126,8,,330,158,38,,4,,,,,,,,,,,2,,,,,,,,,,2,2,,,,,,,,,,,,8,,,30,,,,,,,2,,,,,,,,,,,,,,,,,,,4,,,,,2,2,,,,4,126,,,,,,,,2,,,,,2,,,,,2,,,,,,4,,,,,,,,,,8,,,,,,,,,,6,,,,,,,,,2,,,,
155,42.927936,-78.877002,"12,521",2314,146,1200,1082,1396,1980,4,471,21,91,,5,,,,304,498,,10,180,12,,1744,194,12,,4,,,,,,,,,,,2,,,,,,,,,2,,2,,,,,6,,2,,,,2,26,,,24,,,,,,,6,10,,,,,,,,,24,,,,,,,,,4,,,,24,6,,,,6,4,380,,,,,24,,2,4,,,4,,,,,,,2,12,,2,,,,,,,,,2,,,,22,,6,,,2,,2,,,20,,18,,4,6,,,,2,,,2,
156,42.928127,-78.867498,"16,015",905,18,429,391,2242,1112,1,284,6,12,,0,,,,26,118,,,16,,2,306,32,8,,,,,,,,,,,,2,,,,,,,,,,2,2,,,,,4,,,,,,,2,2,,,4,,,,,,,2,,,,,,,,,,,,,,,,,,,2,,,,6,8,,2,,2,6,196,,,,,,,,,,,,,,,,10,,,,,4,,,,,,,,,,,,,4,,,,,,2,,,,4,,,2,2,,,,,6,2,,,
157,42.935846,-78.8782,"11,103",661,78,237,227,1530,1504,1,193,2,2,,2,,,3,122,94,,4,20,4,,320,28,10,,2,,,,,,,,,,,,,,,,,,,,,2,,,,,,,,,,,,,,,,,,,,,,,2,,,,,,,,,,,,,,,,,,,,,,,2,,,,,,,86,,,,,,,2,2,,,,,4,,,,,,2,,2,,4,,,,,,2,,2,,,2,,,,,,,2,,,8,2,,,,,,,,,,,,
159,42.927655,-78.851505,"15,032",1998,498,584,506,950,4080,,279,24,45,,17,,2,,406,284,4,16,84,46,8,796,138,24,4,2,,4,2,,,,,,,4,,,,,,,,,4,,,4,,,2,,,2,,,,,,14,,,16,,,,,2,,8,10,,,,,,,,,2,,,,,,,,,6,,,,12,,,2,,2,4,256,,,,,,,2,,,,,,2,,,6,,,2,,8,,,6,,,,,,,,,,4,,,,,,2,,,,16,,,2,,8,,,,,,,,
160,42.928176,-78.850974,"11,537",1858,496,671,582,1016,3960,,325,23,53,,17,,2,0,436,310,4,14,90,42,6,830,154,22,4,2,,4,2,,,,,,,4,,,,,,,,,4,,,4,,,2,,,2,,,,,,14,,,20,,,,,2,,8,10,,,,,,,,,2,,,,,,,,,6,,,,4,,,6,,2,4,276,,,,,2,,6,,,,,,2,,,6,,,2,,8,,,6,,,,,,,,,,6,,,,,,2,,,,16,,,2,,8,,,,2,,,,
164,42.94056,-78.87858,"12,717",2155,353,1188,1048,1034,1802,4,551,34,73,2,3,5,6,0,186,294,,8,82,8,,904,146,26,,6,,,,,,,,,,,,,,,,2,,,2,2,6,2,,,,2,2,,,,,,,12,,,48,,2,,,,,6,4,,,,,,,,,2,,,,,,,,,,,,,28,10,,,,2,4,438,,,4,2,2,,2,14,,2,4,2,6,,,10,,2,10,,2,,,,2,,,,2,,,,,2,,,,,2,2,10,2,6,26,2,4,,2,,,,,2,4,,,
165,42.940532,-78.86765,"18,630",2179,326,1354,1233,920,2000,1,394,4,60,2,1,,,,220,306,,4,126,16,,2072,106,30,,,2,,,,,,,,,,2,,,,,,,,2,,4,2,,,,,,,,,,,,,,,10,,2,,,,,4,,,,,,,,,,,,,,,,,,,8,,,,10,2,,,,4,4,242,,,,,2,,,12,8,,2,2,4,,,2,,2,8,2,2,,,,,,,,,,,,,6,,,,,2,,,2,2,18,,,,,2,,,,,,,,
168,42.939047,-78.839301,"12,458",2000,894,1058,904,1088,2286,2,472,59,97,3,13,2,4,,512,462,14,26,314,30,2,1170,220,38,2,4,,,2,,,,,,,6,4,,,,,,,,,,,2,,,,,6,2,,,,,,12,,,54,,2,,,,,2,4,,,,,,,,,6,,,,,,,,,6,,8,,2,,4,4,,2,4,472,,,2,,12,,,,,,,,6,,,12,,2,2,,2,,2,6,,,,,,,,,,8,2,,,,2,,2,,6,24,,,,2,8,,,,2,,,,
169,42.94025,-78.837991,"12,086",2167,1031,1181,1029,1172,2256,,380,41,100,4,12,2,4,,564,550,8,32,404,20,6,1580,234,36,,2,,,,,,,,,,6,2,,,,,,,,,,2,,,,,,6,2,,,,,,28,,,56,,4,,,,,6,4,,,,,,,,,2,,,,,,,,,2,,2,,8,,4,,,,4,444,,,2,,4,,,2,,,,2,4,,,14,,,2,,2,,6,6,2,,,,,,,,,10,,,,,,,,,6,18,,,,,6,,,,2,,,2,
171,42.94084,-78.905479,"8,649",2897,573,1475,1319,780,1836,2,557,68,82,1,4,2,,2,652,520,6,28,186,28,2,1436,262,30,4,2,,,4,4,,,,,,4,4,,,,,,,,,,,4,,,2,4,,,2,,2,,,12,,,50,,,,,2,2,2,10,,,,,,,,,,,,,,,,,,,,,,22,,2,4,8,10,12,406,,,,,4,,,10,,4,,,4,,,16,,6,2,,4,,2,4,,,,,,,,,,4,2,,,,,,8,,2,24,,8,,2,,,,,6,,,,
172,42.942963,-78.900321,"7,328",2282,273,1048,922,778,1254,9,576,96,65,,5,5,1,,542,588,8,18,146,8,8,1094,248,14,6,2,,,,,,,,,,2,,,,,,,,,,,2,,,4,,,8,,2,,2,,,14,,,68,2,6,,2,2,2,4,12,,,,,,,,,2,,,,,,,,,,,2,,18,,2,,8,10,12,500,,4,2,,4,,,4,2,2,,,4,2,2,10,,4,,2,4,,,,,,,,,,2,,,2,,,,,2,,4,2,2,24,,8,2,,2,,,,,,,,
173,42.94617,-78.891177,"14,860",2052,702,921,780,462,1952,2,286,61,77,1,2,3,7,,536,434,4,18,190,22,10,1052,206,28,4,,,,,,,,2,,,,4,,,,,,,,,,,,,,,,,,2,,,,,4,,,28,,,,,,,,4,,,,,,,,,,,,2,,,,,,,,,,6,,,,,6,2,204,,,6,,2,,,8,2,,,,4,,2,6,,,,,8,,2,,,,,,,,,,,2,,,,,2,,2,2,,22,,2,,2,4,,,,2,,,,
174,42.947756,-78.878211,"15,132",382,77,195,174,242,1994,0,92,30,44,2,4,15,2,,102,178,,8,66,,2,1230,70,32,2,,,,,,,,,,,2,2,,,,,,,,2,,,2,,,,,,,,,,,,2,,,4,2,2,,,,,,2,,,,,,,,,2,,,,,,,,,,,,,8,4,,,,,6,138,,,,,,,,2,2,,,,4,,,2,,2,8,,4,,,2,,,2,,,2,,,,,,,,,,,2,2,,8,,,,,,,,,,,,,
175,42.947781,-78.8685,"21,824",2584,655,1294,1184,860,4360,0,529,11,113,,6,1,1,,420,372,4,14,254,16,4,2984,178,30,,2,,,,2,,,,,,,,,,,,,,,,,4,,,,,,,,,2,,,,14,,,28,2,,,,,2,4,2,,,,,,,,,2,,,2,,,,,,,,,,8,4,,4,,6,4,364,,,6,,8,,2,2,,2,2,,2,,,14,,,6,,6,,,4,2,,4,,,2,,,,6,,2,,,2,,6,2,,12,,2,,2,,2,,,2,,,,
176,42.947753,-78.861825,"7,548",3965,633,2077,1892,1124,1966,0,900,12,90,,6,,,,322,316,2,10,144,6,,1296,156,16,,2,,,,,,,,,,2,,,,,,,,,,,,,,,,,,,,,,2,,14,,,38,2,,,6,,,16,6,,,,,,,,,8,,,6,,,,,,,,,,28,6,2,8,,4,2,482,,,4,,,,,14,,2,2,,4,,,12,,2,4,,6,,,2,2,,,,,2,,,,14,,2,,,4,,4,2,6,32,,,2,16,4,,,,4,2,6,2,
177,42.947733,-78.859029,"14,527",3589,488,1940,1772,1130,2264,0,795,9,100,,12,,,,296,304,2,10,146,10,,1242,176,18,,8,,,,,,,,,,,,,,,,,,,6,,6,2,,,,2,,,,,,,,16,,2,28,,,,6,,,14,10,,,,,,,,2,12,,,4,,,,,2,,,,,18,2,6,2,,4,2,510,,,2,,,,,12,,,,,6,,2,6,,,4,,4,,,2,,,,,,,,,,20,,2,,,4,,4,4,,44,,,2,,8,,,,,4,6,,
178,42.947646,-78.84977,"11,057",2866,341,1532,1394,1200,1504,0,775,12,109,,0,,2,,242,290,,8,84,18,,1024,150,14,,,,,2,,,,2,,,,4,,,,,2,,,,,4,12,,,,,4,2,,,,2,,14,,,28,,,,,,,10,2,,,,,,,,,4,,,,,,2,,,,,,,8,6,4,2,,,20,484,,,2,2,6,,4,6,4,2,,,4,,,34,,8,8,,6,,2,2,,,,,,2,,,,18,,2,,,,,2,2,2,26,,2,,6,6,,,,2,,,,
179,42.945976,-78.831691,"18,228",1137,393,570,510,794,2262,,220,41,45,,5,4,4,3,294,318,2,18,180,12,2,872,128,26,,,,,,,,,,,,,,,,,2,,,,,,,,,,,,,,,2,,,,16,,,26,,,,,,,4,8,,,,,,,,,4,,,,,,,,,,,4,,4,,,2,4,,2,304,,,2,,2,,,2,,2,2,2,4,,,,,,,2,4,,6,2,2,,,,,,,,,2,,,,,,,4,,4,12,,,,,2,,,,6,,,,2
182,42.956642,-78.912014,"3,698",45,7,21,18,840,448,2,1,,6,,2,,,1,58,18,,,12,4,,52,4,22,,2,,,,,,,,,,,,,,,,,,,,,,,,,,,,,,,,,,,,,,,,,,,,,,,,,,2,,,,,,,,,,,,,,,,,2,,,,,,2,34,,,,,,,,,,,,,,,,,,,,,,,2,2,,,,,,,,,,,,,,,,,,,,,,,,,,,,,,,,,
185,42.958638,-78.878538,"11,981",433,85,230,199,244,1174,,109,55,78,2,,8,4,1,82,76,,2,40,6,2,602,110,32,,2,,,,,,,,,,,,,,,,,,,,,,,,,,,,,,,,,,8,,,2,,,,,,,,6,,,,,,,,,,,,,,,,,,,,,,6,4,,4,,,,102,,,,,,,,,,,,,,,,8,,,,,2,,,,,,,,,,,,,,,,,,,,,,,4,,,,,,,,,2,2,,,
185,42.958638,-78.878538,"11,981",433,85,230,199,244,1174,,109,55,78,2,,8,4,1,82,76,,2,40,6,2,602,110,32,,2,,,,,,,,,,,,,,,,,,,,,,,,,,,,,,,,,,8,,,2,,,,,,,,6,,,,,,,,,,,,,,,,,,,,,,6,4,,4,,,,102,,,,,,,,,,,,,,,,8,,,,,2,,,,,,,,,,,,,,,,,,,,,,,4,,,,,,,,,2,2,,,
186,42.958696,-78.869614,"15,830",1172,211,657,590,534,1940,,341,30,36,,2,,,,128,128,,2,54,6,4,1002,92,30,,2,,,,,,,,,,,,,,,,,,,2,,,,,,,,,,,,,,,6,,,6,,,,,,,,8,,,,,,,,,,,,,,,,,,,,,,,,,,,,,184,,,,,,,2,2,,,2,,2,,2,4,,,,2,,,,,,,,,,,,,,,,,,,,,,,,18,,6,,,2,,,,2,2,,,
186,42.958696,-78.869614,"15,830",1172,211,657,590,534,1940,,341,30,36,,2,,,,128,128,,2,54,6,4,1002,92,30,,2,,,,,,,,,,,,,,,,,,,2,,,,,,,,,,,,,,,6,,,6,,,,,,,,8,,,,,,,,,,,,,,,,,,,,,,,,,,,,,184,,,,,,,2,2,,,2,,2,,2,4,,,,2,,,,,,,,,,,,,,,,,,,,,,,,18,,6,,,2,,,,2,2,,,
190,42.953998,-78.822754,"12,329",1760,219,702,664,1106,2622,,452,9,52,,7,,,2,132,326,2,16,116,10,,672,66,32,,,,,2,,,,,,,2,,,,,,,,,,,8,,,,,2,,,,,2,,,20,,2,56,,,,,4,,8,2,,,,,,,,,8,,,,,,,,,2,,,,4,,2,2,,2,,348,,,,,4,,,8,,2,4,,2,,,6,,4,,6,12,,2,2,,,,,,,,,,10,2,,,,,,4,,,6,,,,2,,,,,2,,,,
191,42.958029,-78.817551,"16,799",2086,272,102,102,206,1242,,38,6,10,0,2,,,,74,70,,6,74,6,,346,12,22,,,,,,,,,,,,,,,,,2,,,,,,,2,,,,,,,,,,,,,,,,,,,,,,,,,,,,,,,,,,,,,,,,,,,,,2,,,,,,,68,,,,,,,4,,,,,,,,2,2,,,,2,4,,2,2,,,,,,,,,,,,,,,,,,,,2,,,,,,,,,4,,,,
191,42.958029,-78.817551,"16,799",2086,272,102,102,206,1242,,38,6,10,0,2,,,,74,70,,6,74,6,,346,12,22,,,,,,,,,,,,,,,,,2,,,,,,,2,,,,,,,,,,,,,,,,,,,,,,,,,,,,,,,,,,,,,,,,,,,,,2,,,,,,,68,,,,,,,4,,,,,,,,2,2,,,,2,4,,2,2,,,,,,,,,,,,,,,,,,,,2,,,,,,,,,4,,,,
192,42.959435,-78.813934,"20,492",1086,127,0,0,106,840,,,,,0,0,,,,44,14,,4,16,6,,118,4,22,,,,,,,,,,,,,,,,,,,,,,,,2,,,,,,,,,,,,,,,,,,,,,,,,,,,,,,,,,,,,,,,,,,,,,,,,,,,,16,,,,,,,,,,,,,,,,,,,,,,,,2,,,,,,,,,,,,,,,,,,,,,,,,,,,,,,,,,
192,42.959435,-78.813934,"20,492",1086,127,0,0,106,840,,,,,0,0,,,,44,14,,4,16,6,,118,4,22,,,,,,,,,,,,,,,,,,,,,,,,2,,,,,,,,,,,,,,,,,,,,,,,,,,,,,,,,,,,,,,,,,,,,,,,,,,,,16,,,,,,,,,,,,,,,,,,,,,,,,2,,,,,,,,,,,,,,,,,,,,,,,,,,,,,,,,,
194,42.931453,-78.813649,"9,717",2110,1945,987,889,882,3910,2,627,62,63,,6,,0,,956,410,14,52,334,64,10,1718,438,22,,,,,,,,2,,,,4,2,,,,,,,,4,,6,6,,,,,,,2,2,,,,26,2,,48,,8,,,,,14,20,,,,,,,,,16,,,2,,,,,,2,,2,,14,4,,2,,2,20,464,,,,,12,,2,8,,2,2,,6,,,24,,2,6,2,,,,,,,,,,,,,,6,,,,,,,6,4,2,22,,2,,,2,,,,6,,,,
198,42.896934,-78.81401,"10,943",1036,541,673,469,402,1690,3,296,201,70,,2,5,2,,752,454,12,18,350,32,10,1016,306,26,4,,,,2,,,4,,,,4,,,,,,,,,,,,6,,,,,,,,,,,,20,,,26,,4,,,,,2,14,,,,,,,,,,,,,,,,,,,,18,,10,,,2,4,6,22,292,,,,,6,,,2,,,4,,10,,,2,,2,2,4,6,,,,,,,,,,,,,8,,10,,,,,2,2,,20,,2,,,,,,,,2,2,,
199,42.889797,-78.853946,"7,148",1088,990,639,475,758,1234,,290,433,55,2,13,4,2,4,346,262,12,16,104,24,4,514,170,32,8,2,,8,,,,2,,,,2,2,,,,2,,,,4,,4,2,,,,,2,,,,,,,30,,,26,,14,,2,2,,,2,2,,,,,,,,,,,4,2,,,,,4,,34,,6,,4,2,4,,14,336,,,,,,,,8,,,2,,4,,2,14,,6,2,2,2,,,,,,,,,,,,,6,,2,,,,,2,,,8,,,,,2,,,,6,,,,
200,42.927866,-78.851293,"5,610",1986,505,631,548,1012,4238,,300,25,49,,17,,2,,406,284,4,16,84,46,8,796,138,24,4,2,,4,2,,,,,,,4,,,,,,,,,4,,,4,,,2,,,2,,,,,,14,,,20,,,,,2,,8,10,,,,,,,,,2,,,,,,,,,6,,,,12,,,4,,2,4,270,,,,,,,2,,,,,,2,,,6,,,2,,8,,,6,,,,,,,,,,6,,,,,,2,,,,18,,,2,,8,,,,,,,,
202,42.884773,-78.814218,"12,968",1052,118,543,496,362,1612,0,280,15,40,,,2,4,0,190,210,,6,38,16,2,412,94,16,2,,,,,,,2,,,,,2,,,,,,,,2,,,,,2,,,,,,,,,,4,,,30,,,,,,2,,,,,,,,,,,2,,,2,,,,,,,,,,10,6,2,,,4,2,170,,,2,,8,,4,,,,2,,,,4,18,,,,4,,,,4,,,,,,,,,,2,,,2,,,,,,2,10,,,,,,,,,2,,,,
203,42.87205,-78.819985,"18,476",169,14,85,74,26,1768,4,46,39,52,1,2,3,2,,190,124,2,2,68,4,8,398,50,24,,,,,,,,,,,,,6,,,,,,,,,,,2,,,,,,,,,,,,32,,,4,,,,,,,,,,,,,,,,,,,,,,,,,,4,,,,,2,2,,,,2,160,,,,,,,,2,,,,,2,,,2,,,2,,6,,2,2,,,,,,,,,,,,,,,,,,,,,,,,,,,,,,,,,
204,42.879296,-78.839222,"6,054",1283,201,702,534,438,996,4,359,217,70,,6,2,7,,438,422,14,12,126,8,6,598,160,28,4,4,,,,,,,,,,,6,,,,,,,,,,,2,,,,,,,,,,,,8,,,42,,6,,,,,2,12,,2,,,,,,,,,,2,,,,,,,,6,,8,,,,,4,10,268,,,2,,2,,2,2,,,,,,,2,2,,,4,2,4,,,,,,,,,,,,,14,,,,,,2,,,,4,,2,,,,,,,2,,,,
205,42.881868,-78.853895,"4,608",2537,2426,1439,1313,892,1146,2,192,249,36,,18,2,,,818,748,14,8,312,32,2,1026,234,40,,,,16,,,,,,,,,2,,,,2,,,,,,6,2,,,,,,2,,,,,,10,,,10,,2,,,,,,4,,,,,,,,,,,,,,,,,,,,12,,,2,2,6,2,2,,232,,,,,,,,6,,,,,2,,,2,,2,8,2,10,,2,,,,2,,,2,,,,,,,,,2,,,16,,6,,2,,,,,,,,,,,2
207,42.864753,-78.825365,"16,792",686,32,372,320,232,1964,1,101,90,45,,0,10,6,2,154,142,2,6,48,8,,302,80,22,,,,,,,,,,,,2,,,,,,,,,,2,,2,,,,,,,,,,,,6,,,14,,,,,,,2,2,,,,,,,,,,,,2,,,,,,6,,2,,2,8,2,,,,2,100,,,,,,,,4,,,,,,,,2,,,,,,,,,,,,,,,,,,4,,,,,,2,,,,2,,,,,,,,,,,2,,
208,42.866587,-78.823953,"17,882",713,32,395,335,250,2096,0,158,93,43,,0,4,7,1,166,144,2,4,44,8,,318,86,26,,,,,,,,,,,,4,,,,,,,,,,2,2,2,,,,,4,,,,,,,6,,,20,,,,,,,2,4,,,,,,,,,,,,2,,,,,,6,,2,,2,8,2,,,,2,128,,,,,,,,4,,,,,,,,2,,,,,,,2,,,,,,,,,,,4,,,,,,2,,,,6,,,,,,,,,,,,,2
209,42.859785,-78.825545,"11,824",812,35,405,353,352,1556,,222,53,29,3,7,,1,1,170,156,2,8,66,6,,760,78,12,,2,,,,,,,,,,2,,,,,,,,,2,,,2,,,,,,,,,,,,6,,,24,,,2,,,,,2,,,,,,,,,,,,,,,,,,,,2,,6,,2,4,10,,,120,,,,,2,,,2,,,,,,,2,,,,,2,2,,,,2,,,,,2,,,,2,,,,,,,,,,6,,,2,,2,,,,4,,,,
222,42.925278,-78.854023,"12,983",2208,624,527,489,542,2898,,285,15,17,,12,,4,,178,350,,14,114,24,4,440,100,28,,,,4,,,,,,,,2,,,,,,,,,,,,2,,,,,,,,,,,,4,,,14,,,,,,,2,2,,,,,,,,,2,,,2,,,,,,4,,,,14,,2,2,,,4,216,,,,,,,,2,,,2,,2,,2,,,,,,8,,,6,,,,,,,,,,6,,,,,,2,,,,18,,4,,,2,,,,,,,,
558,42.891851,-78.883277,"7,005",3199,1057,2099,1496,1008,1816,2,353,83,144,3,8,,2,0,944,704,10,36,348,44,6,3060,358,18,2,,,2,,,,,,,,4,8,,,,2,2,,,,,6,6,,,,,4,,,,4,,,10,2,,48,,,,,,,6,6,,,,,,,,,,,,,,,,2,,2,,,,24,2,,10,,2,44,524,,,2,,14,,,10,,2,,,12,,4,12,,4,2,2,,,,,,,,,,,,,,6,,,,,4,6,2,2,,22,,6,,,8,,,,,2,,,
560,42.890746,-78.87673,"13,288",1316,223,1098,875,990,4458,,120,29,370,9,11,,2,2,2730,620,16,44,580,98,14,5516,542,62,,,,,,,2,,,,,2,2,,,,2,2,,,,,2,2,,2,,,,,,2,,,2,10,2,,40,,,,,,,6,8,,,,,,,,,4,,,,2,,,,,2,2,,,18,8,2,6,,2,70,378,,,,,18,,,6,2,,2,,6,,,8,,18,2,4,12,,2,,,,,2,,,,,,4,,4,,,,,2,2,,8,,4,,,2,,2,,,,,,
561,42.891015,-78.878283,"4,953",2017,403,1646,1257,1036,3890,0,229,43,287,2,13,,2,4,2630,832,16,40,586,82,14,5960,562,56,,,,,,,2,,,,,4,2,,,,2,2,,,,,4,2,,2,,,4,,,2,4,,2,12,2,,50,,,,,,,10,12,,,,,,,,,4,,,,2,,,,,2,2,,,30,6,2,10,,4,38,474,,,,,14,,,10,,2,,,6,,,18,,4,4,6,4,,,,,,,2,,,,,,4,,2,,,4,2,2,2,,14,,4,2,,2,,2,,,,2,,
635,42.901287,-78.869253,"6,997",1395,613,1199,978,846,2434,3,38,45,121,1,34,,3,2,586,420,8,32,248,46,2,2006,222,26,,2,,,,,,,,,,2,,,,,,,,,,,,2,,,,,2,,,,,,,,,,12,,,,,,,,,,,,,,,,,,,,,,,,,,,,2,,16,8,,,,,10,332,,,,,8,,,6,,,4,,4,,4,,,,4,4,4,,2,2,,,,,2,,,,,,,4,,,,2,,2,,2,,2,,,,,,,,,,,
656,42.931889,-78.876979,"10,596",901,227,97,86,1150,1402,0,77,2,4,,3,,,0,26,62,,2,24,4,,254,18,12,,,,,,,,,,,,,2,,,,,,,,,2,,,,,,,,,,,,,,2,,,2,,,,,,,,,,,,,,,,,2,,,,,,,,,,,,,,,,,,,,42,,,,,,,,,,,,,,,,,,,2,,2,,,,,,,,,2,,,,,,2,,,,,,,,6,,,,,2,,,,,,,2,
657,42.933406,-78.877044,"14,375",723,202,57,50,1044,1812,0,21,0,2,,3,,,2,34,38,,2,24,4,,332,18,8,,,,,,,,,,,,,2,,,,,,,,,,,,,,,,,,,,,,,2,,,,,,,,,,,,,,,,,,,,,,,,,,,,,,,,,,,,,,,,40,,,,,,,,,,,,,,,,,,,,,2,,4,,,,,,,2,2,,,2,,,,,,,,,,,,,,,,,,,,,,,
662,42.94752,-78.838961,"5,821",2355,388,1042,975,1460,978,,768,15,54,,1,,,0,166,248,2,6,84,2,8,902,138,14,,,,,,,,,,,,,,,,,2,,,,,2,6,2,,,,,2,,,2,,,,6,,,48,,,,,,,12,12,,,,,,,,,22,,,6,,2,,,,2,,,,6,,4,,,6,4,540,,,4,,20,,,4,2,,,,8,,,18,,4,2,4,4,,,,,,,,,,,,,48,2,,,,2,2,4,,,14,,,,10,2,,,,2,2,2,,
664,42.955217,-78.821379,"7,549",1195,182,412,393,678,1536,,233,8,34,,4,,,,78,130,,12,100,4,,494,38,32,,,,,,,,,,,,,,,,,2,,,,,2,6,,,,,2,,,,,,,,8,,2,26,,,,,,,4,2,,,,,,,,,2,,,2,,,,,,2,,,,4,,,,,2,,214,,,,,,,4,4,,,2,,,,2,2,,,,2,8,,4,2,,,,,,,,,,6,,,,,,,2,,,6,,,,2,,,,,4,,,,
666,42.889739,-78.814156,"8,498",2080,171,1075,913,804,1098,0,578,65,58,,7,5,2,1,526,450,,18,86,26,8,842,222,24,,2,,2,,,,,,,,8,2,,,,2,,,,,2,4,,,4,,,,,,,,,,10,,,76,,,,,,2,,2,,,,,,,,,8,,,4,,,,,,2,,,,,4,4,,2,10,6,374,,,,,4,,,10,,,4,2,6,,2,16,,2,,,,,,4,,,,,,,,,,,,,2,,,2,2,4,,24,,2,,,4,,,,10,2,,,2
793,42.902851,-78.893641,"4,524",2483,517,1262,1021,2098,1812,,369,91,40,2,19,,,2,334,396,2,22,162,18,6,1548,172,32,2,8,,,,,,,,,,,,,,,4,,,,,4,,,,,,,,,,,,,,4,,,30,,2,,,,2,16,,,2,,,,,,,6,,,,,,,,,4,,,,12,6,4,2,,4,2,324,,,,2,2,,6,,2,,2,,6,,,12,,,6,4,2,,,10,,,,,,,,,,6,2,,,,2,2,,,,14,,4,,2,6,,,,6,,,,
810,42.895208,-78.871231,"10,580",1665,637,1071,944,978,4760,,68,51,209,6,21,8,,,776,474,8,36,258,48,14,2394,350,26,,,,,,,,,,,,,4,,,,,,,2,,,,,,,,,,,,,,,,10,,,4,,2,,,,,2,2,,,,,,,,,,,,2,,,,,,,,2,,12,4,,2,,,14,212,,,,,8,,,14,4,,2,,6,2,,2,,,,2,,,,,,,,,,,,,,2,,,,,,2,2,8,,22,,,,,,,,,,,,,
840,42.887896,-78.877653,"7,325",1004,459,538,361,738,4402,2,21,5,181,3,19,,0,6,2504,840,18,50,418,80,32,5132,450,62,,2,2,2,,,,2,,182,2,,2,,10,,,,2,,,,2,,2,,,,,2,,,,,,12,,,4,,,,,,,,,,6,,,,,,,4,,2,,22,2,,,2,2,,,,22,6,2,,,,20,654,,,2,,4,,,8,,2,2,,2,4,,4,,,2,6,16,,2,,2,,,2,,,,,,2,,,,2,4,2,,2,,6,,,,,,,2,,2,4,,,
850,42.885253,-78.880196,"9,620",2162,1185,240,181,560,4192,2,,4,40,4,28,,5,6,1430,724,20,108,226,146,20,3618,238,36,,2,2,2,,,,2,,182,2,,,,10,,,,2,,,,,,2,,,2,,2,,,,,,30,,,6,,,,,,,,,,6,,,,,,,,,2,,22,2,,,2,,,,,12,2,,,,,14,580,,,2,,2,,,8,,,,,,4,2,,,,,2,10,,,,2,,,,,,,2,,2,,,,2,,,,,,2,,,,,,,,,2,4,,,
959,42.877921,-78.815801,"12,522",83,0,57,44,44,510,,56,23,29,0,2,8,3,,60,50,2,4,8,4,,190,44,22,,,,,,,,,,,,,2,,,,,,,,,,,,,,,,,,,,,,,2,,,,,,,,,,,,,,,,,,,,,,,,,,,,,,,,,,,,,,,2,42,,,,,,,,,,,2,,2,,,,,4,,,,,,,,,,,,,,,,,,,,,,,,,,2,,,,,,,,,,,,,
977,42.923246,-78.877003,"9,495",3559,144,2076,1872,1938,2134,8,772,21,180,,4,,,4,378,758,2,24,280,14,4,2504,340,30,4,2,,,4,,,,,,,2,2,,,,,,,,,,2,,2,,,,18,,,2,,,,72,,,32,,,,,,2,8,10,,,,,,,,4,30,2,,,,,,,,2,,,,46,12,2,4,,6,12,616,,,4,,28,,2,12,2,,2,,8,,2,,,,24,4,8,,4,8,4,,,,,4,,2,,20,,2,,,,,4,,,28,,16,8,4,4,,,,2,,4,,
978,42.923709,-78.877001,"8,976",3559,143,2076,1871,1972,2228,8,771,23,187,,4,,,4,380,766,2,22,292,14,4,2532,338,28,4,2,,,4,,,,,,,2,,,,,,,,,,,2,,2,,,,18,,,2,,,,76,,,30,,,,,,2,8,10,,,,,,,,4,30,2,,,,,,,,2,,,,38,16,2,4,,6,12,630,,,,,28,,2,12,2,,2,,8,,2,,,,24,6,6,,,,2,,,,,,,2,,20,,2,,,,,4,,,30,,20,8,4,6,,,,2,,4,,
979,42.922226,-78.876995,"10,731",3624,155,2091,1886,1862,2344,4,799,16,146,,3,,,2,288,680,6,16,252,12,4,2542,362,32,4,2,,,2,,,,,,,2,2,,,,,,,,2,,2,,2,,,,12,,,,,,,58,,,32,,,,,,2,10,10,,,,,,,,4,14,2,,,,,,,,2,,,,40,10,2,4,,2,16,588,,,4,,30,,2,16,2,,,,10,,2,2,,,18,2,6,,4,10,4,,,,,4,,2,,20,,4,,,,,4,,,20,,8,8,2,2,,,,4,,4,,
1018,42.92749,-78.839315,"6,819",673,617,360,291,500,1446,1,223,94,22,,12,3,3,0,428,232,4,18,120,18,,494,158,12,,8,,,,,,,,,,8,2,,,,,,,,,,4,,,,,,,2,,,,,,10,,,36,,2,2,,,,,2,,,,,,,,,12,,,,,,,,,,,12,,20,,,,,4,2,224,,,2,,2,,,2,,,,,4,,2,10,,,8,,,,,,,,,,,,,,,4,,,,,,,,,,6,,2,,,,,,,10,,,,
1020,42.921857,-78.839374,"7,468",419,391,218,165,366,3140,7,73,118,49,,4,14,3,,284,198,6,20,94,4,4,378,130,30,,,,,,,,,,,,,2,,,,,,,,,,,2,,,,,,,,,,,,6,,,4,,2,2,4,,,,2,,,,,,,,,,,,,,,,,,,,4,,,,2,2,8,2,2,106,,,,,,,,2,,,,,2,,,8,,,,,,,2,2,,,,,,,,,,6,,6,,,,2,,,2,6,,,,,,,,,,,,,
1029,42.931329,-78.839262,"4,328",1489,1332,867,651,1048,802,3,598,305,49,,3,0,4,,766,416,24,16,206,18,2,820,260,18,2,14,2,,,,,,,,,6,,,,,,,,,,,4,4,,,,,,2,,,,,,28,,,64,,2,,,,,2,12,,,,,,,,,12,,,,,,,,,,,6,,20,,,4,,12,2,480,,,,,4,,2,10,,,2,,6,,,18,,2,8,2,2,,,,,,,,,2,,,,4,,,,,,,2,2,,34,,6,2,,2,,,,8,,2,,
1030,42.9329,-78.839258,"4,863",1574,1422,979,680,1150,992,7,568,354,57,,12,3,4,,836,434,28,20,224,30,,840,292,20,,8,2,,,,,,,,,,,,,,,,,,,2,,8,,,,,,2,,,,,,36,,,56,,2,,,,,2,12,,,,,,,,,8,,,,,,,,,4,,16,,20,,,6,,8,2,432,,,,,2,,2,8,,,4,,8,,,22,,4,2,6,4,,,,,,,,,2,,,,8,,2,2,,,,,4,,34,,4,2,,6,,,,2,,2,,
1032,42.922136,-78.853988,"5,580",2217,1562,1007,831,958,1816,,644,81,22,,12,2,4,2,410,438,6,22,206,18,2,708,204,38,,4,,,2,2,,,,,,4,,,2,,2,,,,,,2,,,,,,,,,,,,,8,,,50,2,6,,,,2,2,8,,,,,,,,,4,,2,2,,,,,,4,,2,,6,2,2,2,,8,4,378,,,,,,,,6,,2,2,,2,,2,10,,4,,2,8,,,2,,,,,,,,,,14,,,,,,2,6,2,,36,,,,,8,,,,6,2,2,,
1055,42.887848,-78.839239,"3,394",1415,976,1139,687,1140,988,5,349,714,67,2,14,4,9,,702,680,22,20,250,32,,910,300,16,,,,,4,,,,2,,,,4,2,,,,,,,,,2,4,,,,,2,,,2,,,,10,,2,40,2,8,,,,,2,6,,,,,,,,,38,,,,,,,,,,,8,,,,,2,10,10,,304,,6,4,,2,,,2,,,2,,4,,,8,,4,8,2,,,,,,,,,,2,,,,18,,,,,,4,2,2,4,14,,,,,,,,,,,2,,
1057,42.893003,-78.839273,"7,619",1339,978,970,688,736,1988,2,261,439,163,2,19,6,,,870,656,18,18,514,42,6,1838,316,30,,,,,,,,,,,6,2,2,,,,,,,,,,2,6,,,,,,,,,,,,14,,2,50,,2,,,,,,6,,,2,,,,,,10,,2,,,,,,,,,22,,,,,2,,6,26,302,,,6,,6,,,10,,,,2,8,,6,,,,4,,,,,,,,,,,,,,,2,,6,,,,,2,2,,24,,2,2,,,,,,,,,,
1060,42.902323,-78.839293,"8,570",1130,1000,787,575,1412,2596,,311,318,50,,14,,2,5,712,466,22,26,360,28,4,1326,204,42,,,,10,,,,,,,,,,,,,,,,,,,,4,,,,,,,,4,4,2,,12,,,20,,2,2,,,,,10,,,,,,,,,,,,,,,,,,,,20,,12,2,2,4,,2,,344,,,,,,,,6,4,,4,,6,,,2,,8,4,4,4,,,,4,,,,,2,,,,,,2,,,6,,2,,,20,,4,,,,,,,,,,,
1061,42.897634,-78.839292,"7,175",1875,1352,1332,882,942,1168,8,496,512,83,,28,,,,682,576,28,26,246,32,,722,252,28,,2,,,,,,2,,,,2,2,,,,,,,,6,,2,4,,,,,,,,2,,,,20,,2,24,,8,,2,,,,6,,2,,,,,,,,,,,,,,,,,,28,,4,,4,2,4,8,4,424,,,,,,,2,14,,2,2,,8,,,2,,,8,4,2,,,,,,,,,2,,,,4,,2,,,,2,4,2,,20,,2,2,,4,,,,6,,,,
1092,42.895822,-78.875112,"11,142",1927,316,1566,1295,1156,3924,,304,72,326,6,23,1,0,,584,548,4,12,270,36,2,2838,378,32,,,,,,,,,,,,,10,,,,,,,,,2,,,,,,,2,,4,,,,,24,,,12,,2,,,,,4,16,,,,,,,,,6,,,,,,,,,6,,2,,18,4,4,,,,16,476,,,,,6,,,14,2,2,6,,6,2,,6,,2,2,2,8,,2,,,,,,,2,,,,2,,,,,,2,2,4,2,38,,,2,,,,,,4,2,2,,
1106,42.956497,-78.91182,"4,085",89,11,43,38,900,366,2,15,,8,,2,,,1,80,30,,,12,4,,60,6,24,,2,,,,,,,,,,,,,,,,,,,,,,,,,,,,,,,,,,,,,,,,,,,,,,,,,,2,,,,,,,,,,,,,,,,,6,,,,,,,46,,,,,,,,,,,2,,,,,,,,,,,,2,2,,,,,,,,,,,,,,,,,2,2,,,,,,,,,,,,,,,
1109,42.952304,-78.909007,"3,400",1263,147,597,520,904,672,1,327,18,16,,3,,0,1,334,310,2,16,88,16,,476,86,18,,2,,,,,,,,,,,,,,,,,,,,2,,2,,,,2,2,,2,2,,,,14,,,26,,,,,,,4,12,,,,,,,,,14,,,,,,,,,,,2,,12,,,,2,6,2,210,,,,,,,,6,2,,2,,2,,2,14,,,,,,,,,,,,,,,,,,6,,,,,2,,,2,,10,,,,,,,,,,,,,
1113,42.906441,-78.839054,"3,492",1045,1012,644,463,2878,1254,,319,162,34,,9,2,2,2,590,306,14,24,244,12,10,876,150,24,2,8,,10,,,,,,,,2,,,,,2,,,,,,,4,,,,,,,,,,,,36,,4,20,,4,,,,,4,12,,,,,,,18,,,,,,,,,,,2,,4,,4,,,8,,4,4,340,,,,,2,,,8,,,,,2,,,6,,4,2,,,,,,4,,,,,,,,,4,,,,,,2,4,2,,6,,,,2,2,,,,6,,,,
1114,42.903667,-78.839313,"9,175",1010,901,659,497,2354,2632,,273,227,48,,9,,2,5,652,372,16,18,360,20,6,1302,196,44,,2,,10,,,,,,,,,,,,,2,,,,,,,4,,,,,,,,2,2,2,,18,,4,22,,,2,,,,2,4,,,,,,,18,,,,,,,,,,,,,14,,12,2,2,6,,2,6,378,,,,,2,,,16,4,2,4,,4,,,,,6,4,4,4,,,,4,,,,,2,,,,2,,2,,,4,,2,,,6,,4,,,4,,,,4,,,,
1130,42.893416,-78.884768,"9,206",2910,803,1636,1189,956,2468,2,425,181,122,,17,0,2,,752,542,16,14,270,46,10,2140,286,22,2,2,,,,,,,,,,4,6,,,,,,,,,,6,8,,6,,,4,,2,,2,,,22,,,36,,2,,,,,2,14,,,,,,,,,,,,2,,,,2,,2,,2,,8,,6,,,2,20,408,,,2,,22,,,10,,,,,12,,,4,,4,,,,,,,,,,,,,,,,,,,,,,4,,2,,26,,4,2,,8,,,2,,2,,,
1185,42.90037,-78.869562,"8,118",1219,515,1052,848,978,2622,0,54,54,145,0,38,,2,2,590,474,10,20,264,36,4,2154,236,26,,2,,,,,,,,,,2,,,,,,,,,,,,2,,,,,2,,,,,,,4,,,14,,,,,,,,2,,,,,,,,,2,,,,,,,,,,,,,20,4,,,,,10,312,,,,,6,,,4,,,2,,4,,4,,,2,10,6,4,,,,,,,,,,,,,2,,,,,,2,,2,,2,,2,,,2,,,,,,,,
1187,42.902209,-78.868973,"9,956",1675,746,1361,1106,962,2676,4,42,71,132,1,37,2,8,2,534,478,12,36,290,42,2,2494,230,42,,,,,,,,,,,,2,,,,,,,,,,,,2,,,,,,,,,,,,2,,,10,,,,,,,,,,,,,,,,,,,,,,,,,,2,,2,,20,8,,,,,16,332,,,,,10,,,6,,,4,,6,,,,,,2,2,,,4,4,4,,2,,2,,,,,4,,4,,,,2,,2,,4,,,,2,,,,,,4,,,
1210,42.899428,-78.873925,"12,166",2241,339,1756,1492,1202,3926,,289,64,322,7,12,1,1,,1058,812,12,34,482,72,6,4460,474,24,,2,,,,,,,,,,4,8,,,,,2,,,,2,,,,,,,2,,6,,,,,28,4,,26,,,,,,,,12,,,,,,,,2,8,,,,,,,,,8,,,,44,2,,2,,,24,692,,,2,,14,,,26,,,6,,8,,16,8,,2,12,4,6,,4,,2,,,,2,,,,,8,,,,,,2,,8,,30,,2,2,4,2,,,,2,4,,,
1212,42.908884,-78.871051,"10,452",2316,478,1615,1442,956,1818,4,175,17,259,2,27,0,,,316,260,,26,94,32,8,1650,224,18,,,,,,,,,,,,2,,,,,,,,,,,,,,,,,,2,,2,,,,4,,,10,,,,,,,14,,,,,,,,,,,,,,,,,,,,,,,12,,,,,,,244,,,,,,,,2,,,,,,,2,,,2,4,,6,,,2,,,,,,,,,,6,,,,,,,2,4,,2,,,,,6,,,,2,2,2,,2
1226,42.893315,-78.871891,"9,522",1400,531,850,759,864,4760,,3,40,260,12,20,7,0,,1110,306,4,40,328,62,20,2858,378,20,2,,,,,,,,,,,,2,,,,,,,2,,,,,,,,,,,,,,,,6,,,2,,,,,,,,,,,,,,,,,,,,2,,2,,,,,,,,,6,,,,,50,132,,,,,14,,,,6,,4,,4,2,,,,,,6,6,,2,,,,,,,,,,,,,2,,,,2,,8,,16,,,,,,,,,2,,,,
1239,42.898578,-78.870157,"6,412",1117,415,960,788,1084,2338,,69,62,167,0,36,1,2,,548,514,12,18,272,36,4,2064,220,26,,2,,,,,,,,,,2,,,,,,,,,,,,,,,,,2,,,,,,,8,,,12,,2,,,,,,4,,,,,,,,,2,,,,,,,,,,,,,24,2,,,,,10,306,,,,,10,,,14,,,,,4,2,4,,,2,8,4,4,,,,,,,,,,,,,2,,,,,,2,2,2,,8,,2,,,2,,,,,,,,
1273,42.89681,-78.870745,"7,088",1668,578,1299,1127,1098,3126,,112,53,212,2,26,4,2,,502,448,8,12,226,30,4,1772,274,30,,2,,,,,,,,,,2,4,,,,,,,,,,,,,,,,,,,,,,,10,,,10,,2,,,,,2,4,,,,,,,,,,,,2,,,,,,2,,2,,12,2,,2,,,8,284,,,,,8,,,18,2,,4,,6,2,2,2,,2,,2,2,,,,,,,,,,,,,2,,,,,,4,2,4,,12,,,,,,,,,2,,,,
1334,42.943408,-78.813658,"8,614",3878,3291,1647,1404,1482,3340,,1113,86,116,2,6,,2,,1160,1038,26,38,584,32,2,1546,450,22,,8,,,,,,,,2,,2,2,,,,,,,2,,2,2,8,,,,,4,,2,4,,,,26,,,156,,,,,,,6,18,,,,,,,,,6,,2,,,,,,4,4,,12,,8,2,,6,,2,8,602,,,,,18,,4,14,,8,2,,10,,,24,,,6,2,4,,,,,,,,,,,,,16,2,,,,2,6,14,,,50,,4,6,,2,,,,8,,2,,
1335,42.922659,-78.81367,"10,106",2484,2252,1197,972,1066,3558,1,753,166,82,,16,5,4,,1030,868,18,36,472,36,6,1670,428,32,2,,,,,,,,,,,6,2,4,,,,,,,,,4,2,,,,,,2,,,,,,26,,,64,,4,2,,,2,2,12,,,,,,,,,4,,,,,,,,2,2,,26,,2,2,,12,,6,6,508,,,,,2,,4,4,,2,,,18,,2,38,,6,10,10,10,,2,6,,,2,,,2,,,,8,,4,,,,,6,8,2,28,,4,2,,,,,,2,,,,2
1336,42.909764,-78.813708,"9,137",1941,1567,1110,737,1268,2628,4,624,490,44,,18,3,4,,1224,1042,36,32,470,42,8,1272,396,22,,2,,,2,,,4,,,,2,2,,,,,,,,,2,4,10,,2,,,,,,,,,,28,,,40,,8,,,2,,10,8,,,,,,,,,2,,,,,,,,,,,40,,,8,,4,,8,,528,,,,2,2,,,20,,,8,,18,,,14,,,6,,8,,,,,,,,,,,,,12,,2,,,,,4,4,,42,,,,,8,,,,4,,,,
1337,42.94029,-78.813654,"9,486",3078,2764,1378,1169,1510,4864,2,897,116,126,2,21,,2,2,1114,884,28,32,692,28,2,3880,438,30,2,10,,,2,,,,,,,4,2,,,,,,,,,2,2,2,,,,,2,,2,6,2,,,12,,,76,,,,,2,,4,18,,,,,,,,,12,,,,,,,,2,4,,16,,6,10,,4,,6,8,552,,2,4,,10,,,4,,,4,,14,,2,10,,2,8,2,2,,,,,,4,,,,,,,12,,2,,,2,4,,4,4,40,,10,4,2,8,,,,4,2,,,
1338,42.914678,-78.813709,"9,475",1182,1017,651,456,852,2678,7,397,364,56,,2,7,1,,830,618,24,22,378,16,6,974,342,32,,,,,2,2,,2,,,,4,14,,,,,,,,2,,,4,,2,,,,,,,,,2,14,,,22,,2,,,,,2,14,,,,,,,,,6,,,2,,,,,2,,,16,,,,,,,8,2,320,,,,,,,,16,,,4,,4,,,12,,6,4,,4,,,,,,,,,2,,,,4,,4,,,,2,2,2,,28,,6,,,,,,,2,,,,
1339,42.912635,-78.813702,"10,512",1438,1188,851,571,976,3150,6,452,444,71,,10,3,4,,1020,764,34,18,466,26,4,1120,344,36,2,,,,2,,,2,,,,4,4,,,,,,,,,,2,4,,2,,,,,,,,,2,14,,,20,,,,,,,2,12,,,,,,,,,8,,,2,,,,,2,,,24,,,4,2,2,,8,2,362,,,,,2,,,18,,,2,,10,,,14,,2,4,,10,,,,,,,,,2,,,,4,,4,,,,2,2,2,,26,,2,,,2,,,,2,,,,
1340,42.908048,-78.813729,"6,543",1993,1591,1084,733,1178,2226,3,663,400,40,,18,2,5,,1152,948,30,26,368,36,12,1002,342,20,,,,,4,,,4,,,,2,6,,,,,,,,,2,4,14,,2,,,,,,,,,,20,,,42,,10,,4,,,8,4,,,,,,,,,2,,,,,,,,,,,48,,,24,,2,,8,,538,,,,,,,,22,,,4,,8,,,12,,,4,,6,,,,,,,,,,,,,10,,2,,,,,4,6,2,30,,2,,,8,,,,2,,2,,
1341,42.937957,-78.813642,"18,012",3129,2853,1448,1246,1548,5210,2,962,83,153,2,30,,2,1,1116,892,10,40,652,34,10,1916,470,34,2,8,,,2,,,2,,,,4,2,,,,,,,,2,4,,6,,,,,2,6,4,6,2,,,24,,,88,,,,,,4,12,20,,,,,,,,,10,,,,,,,,,4,,6,,12,16,,2,,8,4,562,,2,4,,6,,2,10,,4,4,,8,,2,20,,,10,2,2,,,,,,4,,,,,,,4,,2,,,,,4,4,,36,,6,,,14,,,,8,,,4,2
1342,42.929766,-78.813649,"8,724",2694,2511,1300,1164,1094,3784,,818,52,54,,5,,0,,1164,692,6,68,358,70,10,1958,566,24,,6,,,,,,,,,,6,2,,,,,,,,2,,2,4,,,,,2,,2,2,,,,24,2,,88,2,8,,,,,6,18,,,,,,,,,24,,,,,,,,,,,8,,12,,,6,,12,14,606,,,,,12,,2,14,,2,2,,10,,2,32,,2,6,2,,,,,,,,,,,,,,6,,,,,,,8,4,2,40,,12,,,2,,,,4,,,,
1343,42.958635,-78.81389,"10,356",1682,197,0,0,126,854,,,,,0,0,,,,44,14,,4,16,6,,120,4,24,,,,,,,,,,,,,,,,,,,,,,,,2,,,,,,,,,,,,,,,,,,,,,,,,,,,,,,,,,,,,,,,,,,,,,,,,,,,,34,,,,,,,,,,,,,,,,,,,,,,,2,2,,,,,,,,,,,,,,,,,,,,,,,,,,,,,,,,,
1344,42.935065,-78.813645,"10,690",2930,2635,1279,1150,1274,4446,4,940,55,103,,14,,2,,866,696,14,30,418,24,10,1606,408,24,2,6,,,2,,,4,,,,4,2,,,,,,,,2,4,8,10,,,,,,6,,6,,,,24,,,84,,4,,,,4,16,36,,,,,,,,,8,,,,,,,,2,2,,2,,8,6,,6,,10,12,510,,,4,,4,,2,16,,2,2,,6,,,26,,,10,2,2,,,,,,2,,,,,,2,10,,,,,,,2,2,2,38,,4,,,8,,,,6,2,,4,
1345,42.945908,-78.813679,"10,297",3872,3063,1596,1356,1362,3038,,1056,48,100,,6,,2,,1072,1220,8,42,510,34,4,2132,538,22,,14,,,,6,,2,,2,,2,,,,,,,,,,,4,6,,,,2,,,,,,,,12,,,170,,,,,,2,8,12,,,,,,,,,4,,,,,,,,4,,,4,,8,6,,2,,14,10,572,,,,,12,2,2,8,,2,,,8,,,16,,,8,,6,,,,,,,,,,,,,16,2,,,,8,4,10,2,4,32,,6,,,,,,2,8,,,2,
1346,42.907374,-78.813734,"6,079",1904,1503,1012,691,1002,2304,2,576,334,48,0,18,2,5,,1114,906,18,26,372,38,10,948,320,18,,,,,2,,,4,,,,2,6,,,,,,,,,2,2,8,,,,,,,,,,,,20,,,42,,10,,4,,,8,4,,,,,,,,,8,,,,,,,,,,,24,,,26,,,,2,,488,,,,,,,,12,,,4,,8,,,12,,,2,,4,,,,,,,,,,,,,12,,,,,,,2,8,2,34,,2,,,6,,,,4,,2,,
1347,42.917117,-78.8137,"9,275",1414,1261,603,493,664,1532,6,430,193,43,,1,8,2,,650,590,14,18,208,12,2,878,312,20,,2,,,2,,,,,,,6,4,,,,,,,,2,,4,2,,,,,,,,,,,,12,,,28,,4,,,2,,6,18,,,,,,,,,,,,2,,,,,2,2,,14,,,2,,,,,2,302,,,,,,,2,12,,,2,2,4,,,16,,,6,4,2,,,,,,,,,2,,,,8,,4,,,,2,4,2,,10,,4,,,2,,,,6,,,,
1348,42.952216,-78.813747,"9,020",406,96,34,29,162,958,,8,,5,0,3,,2,,52,44,,,42,2,,170,22,18,,,,,,,,,,,,,,,,,,,,,,,,,,,,,,,,,,,,,,,,,,,,,,,,,,,,,,,,,,,,,,,,,,,,,,,2,,,,,26,,,,,,,,2,,,,,2,,,,,,,,4,,,2,,,,,,,,,,,,,,,,,,,,2,,,,,,,,,,,,,
1349,42.951093,-78.813702,"10,878",709,295,191,168,286,1162,,114,12,18,0,5,,2,,114,112,,4,98,8,,584,70,16,,,,,,,,,,,,,,,,,,,,,,,2,,,,,,,,,,,,,,,,6,,,,,,,2,2,,,,,,,,,,,,,,,,,,,,,,,,,,,2,,80,,,,,,2,,6,,,2,,4,,,2,,,,,4,,,2,,,,,,,,,,2,,,,,,,2,,,6,,,,,,,,,,2,,,
1350,42.904865,-78.813746,"12,048",2441,1771,1250,894,1236,2230,2,715,363,70,2,14,3,3,,1102,1044,22,32,334,46,8,1020,330,32,,6,,,2,,,4,,,,10,4,,,,2,,,,,,,14,,,,,,,,,,,,14,,,64,,2,,2,,2,6,4,,,,,,,,,10,,,2,,,,,,,,14,,16,24,2,8,,6,4,492,,,,,16,,,4,,,2,,4,,,6,,,2,2,12,,,,,,,,,,,,,6,,,,,,,6,10,2,34,,2,,,,,,,4,,4,2,
1351,42.939124,-78.813638,"8,859",3011,2742,1384,1172,1536,4652,2,910,101,149,2,28,,4,2,1094,838,22,34,642,26,4,3784,406,36,4,6,,,2,,,,,,,4,2,,,,,,,,2,,2,2,,,,,2,2,4,6,2,,,8,,,94,,,,,2,,10,26,,,,,,,,,8,,,,,,,,2,4,,8,,8,10,,4,,12,4,564,,2,4,,8,,,4,,2,4,,14,,2,14,,,14,,2,,,,,,4,,,,,,,10,,2,,,,,2,2,2,44,,12,2,2,18,,,,6,,,,
1352,42.948941,-78.813692,"12,334",2211,1470,885,774,870,2050,,606,41,51,0,5,,2,,456,576,4,20,272,20,2,1276,218,28,2,8,,,,6,,2,,,,,,,,,,,,,,,2,,,,,,,,,,,,,10,,,52,,,,,,2,6,8,,,,,,,,,,,,,,,,,,4,,,,,4,,,,10,2,312,,,,,6,2,,6,,,4,,8,,,2,,,4,,4,,,2,,,,,,,,,,10,,,,,,,6,,2,24,,,,,,,,2,8,2,,2,
1356,42.888995,-78.880581,"5,256",1834,701,1468,997,822,2954,2,101,13,154,4,15,,,4,920,620,12,32,342,38,2,3086,344,36,2,2,2,2,,,,2,,182,2,,2,,10,,,2,2,,,,4,2,2,,,,,2,,,2,,,4,2,,28,,,,,,,2,,,6,,,,,,,,,2,,22,2,,2,2,2,2,,,34,6,2,2,,,42,666,,,,,8,,,6,,2,,,2,4,,12,,,2,8,8,,,,,,,,,,,,,4,,2,,2,4,2,2,2,,2,,,,,,,2,,2,4,,,
1357,42.890069,-78.881606,"6,827",2437,855,1847,1280,802,2036,2,177,19,167,2,12,,,2,836,556,8,38,334,44,4,3056,322,30,2,,,,,,,,,,,,2,,,,2,2,,,,,4,2,,,,,,,,,2,,,8,2,,32,,,,,,,2,2,,,,,,,,,,,,,,,,2,,2,2,,,26,4,2,6,,,34,338,,,,,6,,,6,,2,,,4,,,14,,,2,6,2,,,,,,,,,,,,,4,,2,,,4,2,2,2,,2,,2,,,2,,,,,,,,
1358,42.888149,-78.879213,"6,297",1518,600,985,704,832,3608,2,68,12,167,6,19,,0,4,1086,728,22,44,370,54,26,4092,434,50,,2,2,2,,,,2,,182,,,2,,10,,,2,2,,,,4,2,2,,,,,2,,,2,,,8,,,2,,,,,,,2,,,6,,,,,,,2,,2,,22,2,,,2,2,2,,,28,6,2,,,,20,620,,,2,,6,,,8,,2,2,,2,4,,10,,,2,8,10,,,,2,,,,,,,,,2,,2,,2,4,2,2,2,,2,,,,,,,2,,2,4,,,
1374,42.915198,-78.899453,"12,299",1662,382,808,613,714,1686,6,428,67,52,,2,14,4,0,342,428,,12,114,28,4,644,162,28,,4,,,,,,,,,,2,,,,,8,,,,,,2,2,,,,,,,2,,,,,20,,,16,,,,,,,6,8,,,,,2,,,,4,,,,,,,,,4,,2,,4,,,6,,4,12,272,,,,,6,,,6,,,,,4,,,2,,2,2,,4,,,2,,,2,,,,,,,12,,2,,,,,2,2,,16,,,,,6,,,,2,,,,
1375,42.909698,-78.900094,"7,913",2122,467,990,744,958,1590,7,382,69,75,,5,13,3,6,562,576,4,30,194,30,4,1032,156,20,,4,,,,,,,,,,,,,,,,,,,,2,4,2,,,,,,,,,,,,10,,2,34,,2,,,,,4,4,,,,,,,,,2,,2,,,,,,,,,2,,8,2,,,,2,10,320,,,,,6,,,2,,,,,8,,,8,,,,,4,,,2,,,2,,,2,,,,18,,6,,,,,,2,2,28,,,,,,,,,,,,2,
1376,42.918782,-78.898933,"11,406",1671,346,876,641,668,1654,7,430,88,70,,2,7,4,,222,282,6,10,100,14,,478,118,26,,4,,,2,,,,,2,,2,2,,,,2,,,,,,2,2,,,,,,,2,,,,,18,,,38,,,,,,,8,10,,,,,,,,,4,,,,,,,,,4,,4,,10,,,,,4,32,418,,,2,,10,,,10,,,,,2,,2,2,,,,,,,,,2,,,2,,,,,,4,,6,,,4,,,4,2,20,,4,,,2,,,,2,,2,,
1377,42.9222,-78.898359,"6,484",1443,386,684,539,538,1000,0,334,116,56,,3,9,2,,260,354,2,14,96,8,,474,132,26,2,6,,,2,,,,,,,,2,,,,,,,,,,,,,,,,,,,,,,,16,,,114,,,,,,,,8,,,,,,,,,6,,,,,,,,,,,2,,28,,,4,,2,14,372,,,2,,16,,,2,,,,,,,2,6,,4,,,,,,,2,,,2,,,,,,2,,2,,,2,2,,2,2,12,,8,,,,,,,,,4,,
1378,42.9279,-78.897607,"9,704",590,92,268,203,262,1054,4,112,56,41,,4,16,2,,106,200,,12,64,4,2,304,106,18,,,,,,,,,,,,2,2,,,,2,,,,,,,4,,,,,2,,,,,,,16,,,12,,2,,2,,,2,2,,,,,,,,2,,,,,,,,,,2,,,,14,,2,2,,,10,174,,2,2,,,,,10,,,2,,,,2,,,2,,,4,,,2,2,,,,,,,,,8,,,,,,,,,,,,,,,,,,,,,2,2,
1379,42.926047,-78.897857,63,1203,270,513,397,466,1096,2,247,66,43,,2,15,2,,240,436,2,8,106,10,2,466,154,16,2,2,,,,,,,,,,,,,,,2,2,,,,,,,,,,,,,,,,,,8,,,26,,,,,,,2,4,,,,,,,,,4,,,,,,,,2,,,,,28,4,2,,,2,20,260,,,2,,8,,,4,,,2,,2,,,4,,2,4,,4,,,2,2,,,,,,,,,,,,,,,,,2,,10,,,,,2,,,,,,2,2,
1381,42.908849,-78.866751,"8,507",2531,1157,1545,1364,936,2750,,220,120,149,0,13,,2,,614,432,2,12,304,24,6,2428,284,38,,,,,,,,,,,,,4,,,,,,,,,,,4,,,,,,2,,2,,2,,22,,,50,,,,,,,4,10,,,,,,,,,2,,,2,,,,,,,,16,,8,,,,,,18,360,,,,,12,,,2,,,2,2,2,,6,2,2,2,6,2,4,,,,2,,2,,,,,,,12,,,,,,4,2,2,,10,,6,,,2,,,,2,,4,,2
1382,42.920085,-78.859508,"8,392",1315,861,599,450,768,1312,2,323,160,39,,14,2,2,,214,196,2,6,50,2,2,434,192,26,,4,,,,,,,,,,2,2,,,,,,,,,,2,12,,,,,,,,,,,,8,2,,28,,,,,,,2,6,,,,,,,,,,,,,,,,,,,,22,,2,2,,,2,,6,172,,,,,,,,2,,,,,4,,,,,2,,,,,2,4,,,,,,2,,,,2,,,,,2,2,2,,,12,,,,,,,,,2,,2,,
1383,42.90667,-78.867483,"8,173",1931,891,1205,1057,1128,2166,,168,115,225,,19,4,4,,378,328,6,12,170,26,4,1878,218,38,,,,,,,,,,,,2,2,,,,,,,,,,,2,,,,,,2,,,,,,28,,,14,,,,,,,8,8,,,,,,,,,,,,,,,,,,,,6,,4,2,,4,2,,,268,,,,,2,,,2,,,2,,6,,4,2,,,,2,10,,,4,2,,2,,,,,,,14,,,,,,,2,2,,8,,2,,,4,,,,,4,,,
1384,42.920386,-78.859189,"8,729",1377,883,616,466,770,1326,2,338,160,40,,15,2,2,,212,240,2,6,50,2,,454,208,26,,4,,,,,,,,,,2,2,,,,,,,,,,2,12,,,,,,,,,,,,18,,,26,,,,,,,4,4,,,,,,,,,,,,,,,,,,,,22,,2,2,,,2,,6,174,,,,,,,,2,,,,,2,,,,,2,,,,,2,4,,,,,,2,,,,2,,,,,2,,,,,8,,,,,,,,,2,,,,
1385,42.907692,-78.867145,"6,959",2165,1028,1263,1113,1106,2716,,202,125,218,,18,0,2,,504,346,2,12,264,18,4,2100,246,28,,,,,,,,,,,,2,4,,,,,,,,,,,2,,,,,,2,,,,,,24,,,16,,,,,,,8,8,,,,,,,,,2,,,,,,,,,,,18,,2,2,,,2,,6,318,,,,,6,,,,,,4,2,4,,4,2,,2,4,2,8,,,2,2,,2,,,,,,,16,,,,,,,2,2,,16,,2,,,6,,,,2,,,,
1386,42.910287,-78.866249,"7,732",2409,1271,1499,1269,910,2524,,206,179,133,1,17,,4,,674,566,8,16,348,32,2,2216,284,42,,,,,,,,,,,,,6,,,,,,,,,,,4,,,,,,2,,,,2,,4,,,52,,,,,,,2,6,,,,,,,,,2,,,6,,,,,,,,18,,8,2,,,,4,20,346,,,,,12,,,2,,,2,2,,,6,2,2,2,4,2,2,,,,,,,,,,,,,6,,,2,,,4,,,,10,,4,,,2,,,,2,,2,,
1390,42.926328,-78.852919,"12,956",2425,537,514,473,766,3814,,256,19,30,,16,,2,,418,412,4,12,88,56,10,736,150,20,4,2,,4,2,,,,,,,6,,,,,,,,,2,,,4,,,2,,,2,,,,,,18,,,12,,,,,,,8,10,,,,,,,,,4,,,,,,,,,4,,,,12,,,,,,4,238,,,,,,,2,6,,2,2,,2,,,4,,,,,8,,,6,,,,,,,,,,2,,,,,,2,2,,,20,,4,,,4,,,,,,,,
1393,42.872313,-78.820668,"4,504",155,15,71,64,18,1622,4,41,38,56,1,2,3,2,,126,114,,2,58,4,8,334,46,18,,,,,,,,,,,,,4,,,,,,,,,,,2,,2,,,,,,,,,,40,,,6,,,,,,,2,2,,,,,,,,,,,,,,,,,,4,,,,,2,2,2,,,2,146,,,,,,,,2,,,,,4,,,2,,,2,,6,,,2,,,,,,,,,,,,,,,,,,,,,,,,,,,,,,,,,
1402,42.931392,-78.899928,"4,042",187,35,86,69,156,844,4,38,27,25,0,,8,3,0,48,66,2,,30,6,,170,46,18,,,,,,,,,,,,2,,,,,,,,,,,,,,,,,,,,,,,,10,,,8,,2,,,,,,,,,,,,,,,,,,,,,,,,,,,,,,,,,,4,74,,,2,,,,,2,,,,,,,,2,,,,,2,,,2,,,,,,,,,,,,2,,,,,,,2,2,,2,,,,,,,,,,,
1403,42.896851,-78.877128,"6,651",2724,289,2011,1676,1270,3906,,618,97,325,6,16,1,,,738,620,10,10,314,36,,2842,380,24,,,,,,,,,,,,,12,,,,,2,,,,2,,,,,,,4,,4,,,,,62,4,,32,,4,2,,,,8,22,,,,,,,,2,8,,,,,,,,,14,,,,34,2,8,10,,2,26,810,,,,,6,,,26,,4,8,,10,,6,14,,4,2,2,10,,,,,,,,,4,,,,2,,,,,,4,2,6,6,54,,,,,,,,,6,,2,,
1404,42.908926,-78.877095,"9,068",3080,447,2272,1992,1078,2214,3,422,20,235,1,10,,3,,702,646,4,24,316,44,2,2996,384,18,2,2,,,,,,,,,,4,2,,,,,,,,2,2,2,,,,,,2,4,,,,,,10,2,,18,,,,,2,,20,12,,2,,,,,,,8,,,,,,,2,,,,,,58,,2,,,6,12,400,,,,2,14,,2,8,,2,8,,10,,,2,,,4,,,,,2,,,,,,,,,,8,4,4,,,2,,2,6,2,28,,2,,2,8,,,,2,,,,2
1405,42.915466,-78.877037,"11,536",3407,193,2179,1926,1400,2252,,651,32,201,,8,,2,,210,574,2,12,236,16,2,2802,392,16,6,2,,2,,,,,,,,4,6,,,,,,,,,2,,,,,2,,8,,2,2,,,,24,2,,44,2,,,2,,,24,12,,,,2,,,,,10,,,,,,,2,,2,2,2,,122,4,,,,2,20,644,,,,,4,,,26,,2,2,,6,,2,12,,8,10,8,8,,,6,,,2,,,,,,,20,,4,,,,,2,6,,18,,,,,10,,,,6,,,2,
1406,42.913191,-78.87706,"8,542",3864,303,2491,2224,1546,2550,,782,36,175,,4,,6,,394,604,4,4,234,22,2,2434,426,24,2,2,,2,,,,,,,,4,4,,,,,,,,,2,,2,,,,,6,2,2,2,,,2,18,2,,46,,,,,,2,36,16,,,,2,,,,,12,,,,,,,2,,,2,,,94,2,,,,4,10,716,,,,,10,,2,64,,2,2,,4,,,8,,2,12,2,4,,,4,,,2,,,4,,,,18,2,4,,,,,4,4,2,26,,2,,4,6,,,,8,,2,,
1407,42.894261,-78.877259,"5,103",2120,331,1652,1338,1028,3748,,376,97,230,5,17,,1,2,890,572,12,20,278,34,4,3224,418,40,,,,,,,2,,,,,4,8,,,,,,,,2,2,,,,2,,,6,,,2,2,,2,24,,,34,,2,,,,,12,24,,,,,,,,,6,,,2,2,,,,,2,2,,,22,6,4,6,,4,48,596,,,2,,14,,,16,2,6,2,,2,,4,4,,6,4,6,8,,2,,,,,,,2,,,,2,,4,,,,4,2,,4,34,,8,2,,,,,,2,,2,,
1408,42.916917,-78.877029,412,3271,149,1998,1783,1336,2560,,724,24,185,,8,,,,152,474,,12,200,16,2,2398,372,18,8,2,,2,2,,,,,2,,2,8,,,,,,,,,2,,2,,,,,6,,4,2,,,,26,,,54,2,,,2,,2,22,10,,,,2,,,,,18,,,2,,,,,,6,,2,,120,6,2,2,,6,18,708,,,,,4,,2,12,,,,,16,,4,20,,8,16,8,8,,,6,2,,2,,,,,,,18,,6,,,,,,4,,14,,2,,,8,,,,6,,2,4,
1409,42.930137,-78.876993,"9,181",1040,133,372,330,768,1862,0,165,10,26,,5,,,,206,198,,6,114,8,,1028,88,16,,,,,,,,,,,,,2,,,,,,,,,2,,,,,,,,,2,,,,,14,,,14,,,,,,,,,,,,,,,,,4,,,,,,,,,2,,,,2,,,2,,2,2,138,,,,,,,,,,,,,,,,,,2,4,,2,,,,,,,,,2,,,,10,,4,,,,,,,,12,,2,,2,4,,,,,,,2,
1410,42.918685,-78.877017,"9,197",3507,160,2058,1848,1506,2524,,746,15,178,1,3,,,,190,450,2,14,212,12,2,2318,350,20,6,,,2,2,,,,,2,,2,4,,,,,,,,,2,,6,,,,,6,,,2,,,,22,,,52,2,,,,,2,12,10,,,,,,,,,18,,,2,,,,2,,4,,2,,114,10,2,4,,6,24,700,,,,,2,,2,6,,,,,14,,6,8,,2,16,6,6,,,6,2,,2,,,2,,,,12,,4,,,,,2,2,,18,,,2,,4,,,,8,,,4,
1411,42.92037,-78.876999,"10,380",3264,150,1919,1698,1524,2480,2,709,13,162,,2,,,3,240,454,2,12,278,10,2,2506,356,28,4,,,,2,,,,,,,2,2,,,,,,,,4,,2,6,,,,,14,,,2,,,,26,,,40,2,,,,,2,12,8,,,,,,,,2,18,,,2,,,,,,2,,2,,94,10,2,8,,6,32,618,,,,,2,,4,6,,,,,16,,8,6,,,10,,8,,,2,2,,,,,2,,,,20,,8,,,,,4,,,18,,,8,2,4,,,,8,,2,2,
1412,42.926037,-78.876999,"7,776",3373,195,1890,1704,1802,2204,8,676,23,136,,4,,,4,386,762,2,16,294,16,2,2422,310,16,4,4,,,,,,,,,,2,,,,,,,,,2,,,,,,,,6,,2,2,,,2,76,,,28,,,,,,,6,12,,,,,,,,2,26,,,,,,,,,6,,,,36,4,,4,,6,6,578,,,,,28,2,2,6,,,4,,,,,,,2,20,6,2,,,,,,,,,,,2,,28,,4,,,2,,2,,,28,,22,,4,8,,,,,,4,,
1413,42.937817,-78.878565,"10,785",1543,177,748,700,1248,1518,2,517,5,16,1,3,,,3,226,242,,10,84,8,,808,100,20,,4,,,,,,,,,,,,,,,,,,,,2,4,,,,,,,,,,,,,8,,,8,,,,,,,8,,,,,,,,,,,,,,,,,,,,,,,18,10,,,,2,2,294,,,2,,,,2,4,,4,2,,6,,,12,,,6,4,,,4,,,,,,2,,2,,,4,,,,,,,6,2,,22,2,2,,2,2,,,,2,2,,,
1414,42.945593,-78.878312,"9,545",148,33,72,62,104,1814,4,10,18,25,0,1,11,5,,66,110,,,34,,2,708,44,20,,,,,,,,,,,,,,,,,,2,,,,,,2,,,,,,,,,,,,4,,,,,,,,,,,,,,,,,,,,,,,,,,,,,,,,,,4,,,,,,66,,,2,2,,,,4,,,,,2,,,,,,10,,,,,4,2,,2,,,2,,,,,,,,,,,2,,2,4,,,,,,,,,,2,,,
1415,42.955305,-78.878309,"8,554",477,79,257,231,314,2276,1,85,33,64,2,,11,3,,144,88,6,4,80,6,,3920,116,24,,2,,,,,,,,,,,2,,,,,,,,,,,2,,,,,,,,,,,,8,,,4,,,,,,,,6,,,,,,,,,,,,,,,,,,,,,,6,6,,,,,2,98,,,,,,,,,,,,,,,,8,,2,,,2,,,,,,2,,,,,,,,,,,,,,,,,4,,,,,,,,,2,,,,
1416,42.941984,-78.878472,"10,151",1553,276,882,765,668,1636,5,350,42,74,2,2,7,5,,158,244,,6,74,8,,752,114,20,,6,,,,,,,,,,,,,,,,2,,,2,,2,2,,,,2,2,,,,,,,10,,,32,,2,,,,,2,,,,,,,,,,2,,,,,,,,,,,,,14,10,,,,2,4,310,,,4,2,2,,,14,,,2,2,4,,,4,,,6,,2,,,,2,,,,,,,,,2,,,,,,2,6,2,6,16,2,2,,,,,,,2,4,,,
1417,42.956728,-78.878335,"11,352",571,110,307,271,426,1852,2,164,59,89,1,,16,5,1,172,118,4,8,96,8,2,3966,136,26,,6,,,,,,,,,,,2,,,,,,,,,,,4,,,,,,,,,,,,8,,,4,,,,,,,,6,,,,,,,,,,,,,,,,,,,,,,8,6,,4,,,4,146,,,,,,,,2,,,,,,,,8,,2,,,2,,,,,,2,,,,,,,,,,,,,,2,,,8,,,,,,,,,2,2,,,
1418,42.953487,-78.878276,"13,324",304,32,166,153,196,2018,,0,11,23,4,,3,2,,122,44,6,4,74,4,,4322,74,18,,,,,,,,,,,,,,,,,,,,,,,,,,,,,,,,,,,,,,,2,,,,,,,,,,,,,,,,,,,,,,,,,,,,,,2,2,,,,,2,34,,,,,,,,,,,,,,,,,,,,,,,,,,,2,,,,,,,,,,,,,,,,,,,,,,,,,,,,,,
1419,42.942242,-78.878454,"13,463",1417,255,806,696,580,1630,5,300,40,74,2,2,7,5,,158,250,,6,74,6,,762,114,20,,6,,,,,,,,,,,,,,,,2,,,2,,2,2,,,,2,2,,,,,,,10,,,32,,2,,,,,2,,,,,,,,,,2,,,,,,,,,,,,,8,10,,,,,4,288,,,4,2,2,,,14,,,2,,2,,,4,,,6,,2,,,,2,,,,,,,,,2,,,,,,2,6,2,2,14,,,,,,,,,2,4,,,
1421,42.929389,-78.897412,"7,946",126,17,67,42,110,938,4,14,40,31,,0,16,4,,42,98,2,,58,,,204,74,16,,,,,,,,,,,,2,,,,,2,,,,,,,,,,,,,,2,,,,,14,,,4,,2,,,,,,,,,,,,,,,,,,,,,,,,,,,,6,,2,,,,8,100,,2,2,,,,,8,,,2,,,,,,,,,,4,,,2,2,,,,,,,,,,,,,,,,,,,,,,,,,,,,,,,2,
1423,42.938126,-78.904096,"7,834",2376,303,1103,910,936,1564,,610,66,107,6,2,,2,0,710,602,4,24,162,36,2,1102,260,18,,6,,,4,4,,,,,,6,4,,,,,,,,,,,,,,2,,2,,,,,,,10,,,52,,,,,,2,,12,,,,,,,,2,4,,,,,,,,,,,2,,22,,2,4,,,8,324,2,,,,2,,,6,,2,,,2,,,22,,4,2,4,,,2,2,,,,,,2,,,,4,2,2,,,,2,8,,,22,,,,2,,,,,6,,4,,
1424,42.934504,-78.902222,"5,466",1181,137,588,474,704,886,3,284,69,71,7,6,1,6,4,328,376,2,10,92,20,,530,196,26,,2,,,,,,,,,,2,2,,,,,,,,,,,,,,,,,,,,,,,28,,,18,,,,,,,,8,,,,,,,,2,6,,,,,,,,,,,,,6,,2,2,,6,8,188,2,,2,,,,,,,,2,,,,2,6,,4,2,,,,,,,,,,,2,,,,,2,2,,,,,,,2,14,,4,,2,,,,,2,,,,
1425,42.936245,-78.903115,"4,863",1903,178,929,747,872,1092,2,497,68,102,9,8,,2,4,450,494,2,22,122,18,2,760,208,24,,4,,,2,,,2,,,,6,,,,,,,,,,,,,,,,,2,,,,,,,34,,,42,,,,,,,,12,,,,,,,,2,6,,,,,,,,,,,24,,16,,2,4,,6,10,276,2,,2,,,,,6,,,4,,2,,,12,,4,,4,4,,,,,2,,,,,,,,2,2,,,,,,2,2,4,20,,4,,2,,,,,6,,,,
1449,42.951537,-78.868868,"14,243",3219,638,1669,1532,1058,2326,,824,17,72,1,7,,,,328,322,4,20,190,18,2,1126,172,14,,,,,,2,,,,,,,,,,,,,,,,,2,2,,,,,,,,,,,,12,,,36,,4,,,,,8,6,,,,,,,,,8,,,2,,,,,,2,,,,8,,,2,,6,4,492,,,4,,2,,2,4,,6,2,2,,,2,14,,,6,,2,,,,,,,,,,,,,4,,2,,,2,2,8,2,,16,,2,2,2,,,,,2,8,,,
1450,42.954601,-78.869158,"6,815",1893,428,1079,977,648,2608,,436,22,72,2,3,4,,,240,246,2,10,202,10,2,1730,198,14,,4,,2,,,,,,,,,,,,,,,,,,4,2,,,,,,,,,,,,,4,,,6,,4,,,,,,6,,2,,,,,,,2,,,2,,,,,,2,,,,10,2,,2,,,,280,,,2,,2,,2,4,,2,2,,,,2,4,,,4,2,,,,,,,,,,,,,,2,,,,,,,,,,14,,,,,,,,,,8,,,
1483,42.957635,-78.818536,"14,759",2197,297,182,182,302,732,,90,6,17,0,2,,,,42,68,,4,68,2,,300,8,22,,,,,,,,,,,,,,,,,2,,,,,2,2,,,,,,,,,,,,,2,,,,,,,,,,,,,,,,,,,,,,,2,,,,,,,,,,2,,,,,2,,102,,,,,,,4,,,,,,,,2,2,,,,2,6,,2,,,,,,,,,,,,,,,,,,2,,,2,,,,,,,,,4,,,,
1488,42.894994,-78.886229,"6,444",3144,817,1663,1263,1172,2320,4,480,220,133,2,14,2,2,,1126,748,22,30,326,46,10,2242,292,26,,8,,,,,,,,2,,2,8,,,,,,,,,,12,4,,6,,,4,,,,,,,26,,,48,,2,,,,,,12,,,,,,,,,,,,,,,,,,2,,34,,6,,4,2,,10,14,454,,,,,22,,2,10,,,2,,12,,,4,,2,,,,,,,,,,,,,,,,2,,6,,,,6,,6,,24,,6,2,,6,,,2,,2,,,
1489,42.899698,-78.890681,"3,607",3751,643,2182,1761,1924,1802,,540,115,140,,18,,2,2,700,700,14,34,244,30,6,1652,260,34,,,,,,,,,,,,2,,,,,4,,,,,6,6,2,,,,,2,2,,,2,,,34,,,72,,4,,,,2,6,10,,,,,,,,2,4,,,,,,,,,2,,4,,34,2,4,,,6,8,540,,,,2,12,,,6,4,,2,,6,,2,14,,,2,,4,,,10,,,,,,,,,,2,2,6,,,,,,,,38,,6,,2,,,,,2,,,,
1490,42.898137,-78.889195,"6,661",3734,755,1993,1573,1408,1656,2,564,151,165,,14,2,,,942,936,24,40,310,38,2,1630,252,20,,2,,4,,,,,,,,4,2,,,,,,,,,2,4,2,,,,,2,2,2,,2,,,38,,,76,,2,,2,,,12,12,,,,,,,,2,2,,,,,,,,,,,8,,32,2,,,,10,8,520,,,,,14,,,8,2,,,,10,,2,10,,,2,,2,,,6,,,,,,,,,,4,,4,,,2,,,,,32,,6,,2,,,,,2,,,,
1491,42.896566,-78.887721,"7,092",3528,839,1918,1497,1244,1998,2,470,157,159,1,14,2,2,,1144,858,22,38,358,50,6,2224,296,22,,6,,,,,2,,,,,4,4,,,,,,,,,2,4,2,,6,,,2,2,2,,2,,,40,,,56,,2,,2,,,6,8,,,,,,,,2,2,,,,,,,,,,,30,,18,6,4,2,,12,8,424,,,,,10,,,8,2,,2,,6,,,12,,,,,2,,,,,,,,,,,,,4,,2,,,,2,,,,18,,4,,,,,,,,,,,
1503,42.88831,-78.879928,22,1605,660,1158,800,824,3320,2,75,12,155,6,19,,0,4,1058,760,20,56,364,46,22,3816,418,46,,2,2,2,,,,2,,182,2,,2,,10,,,2,2,,,,4,2,2,,,,,2,,,2,,,8,,,2,,,,,,,2,,,6,,,,,,,2,,2,,22,2,,,2,2,2,,,28,6,2,,,,20,600,,,2,,6,,,8,,2,2,,2,4,,10,,,2,8,10,,,,,,,,,,,,,4,,2,,2,4,2,2,2,,2,,,,,,,2,,2,4,,,
1504,42.87718,-78.856261,"3,721",1021,807,449,422,322,682,5,84,66,35,,2,2,11,,234,190,2,6,96,4,,378,86,28,,,,,,,,,,,,2,,,,,,,,,,,,,,,,,,,,,,,,2,,,6,,,,,,,,2,,,,,,,,,,,,,,,,2,,,,4,,,,,,,,,44,,,,,,,,,,,,,,,,,,,,,6,,,,,,2,,,,,,,2,,,,,,,,,,2,,,,,,,,,2,,,,
1505,42.874313,-78.84409,"8,672",891,111,574,406,570,852,6,279,154,22,,,15,7,2,178,232,4,4,30,6,,312,98,20,,,,,,,,,,,,,,,,,,,,,2,,,,,,,,,2,,,,,,18,,,32,,2,4,2,,,2,16,,,,,,,,,,,,,,,,,,,,6,,6,,,,,4,2,220,,,,,2,,,12,,,,,,,,8,,,2,4,2,,,,,,,,,,,,,4,,6,2,,,,,,,12,,,,,2,,,,4,,,,
1520,42.896817,-78.874784,"11,169",2131,312,1733,1433,1196,3574,,334,71,372,6,21,2,,,498,576,6,6,238,32,4,2786,298,24,,,,,,,,,,,,,10,,,,,,,,,2,,,,,,,2,,6,,,,,34,,,20,,2,,,,,4,18,,,,,,,,,8,,,,,,,,,12,,2,,28,2,4,2,,,10,554,,,,,8,,,26,2,2,4,,10,,2,6,,,8,4,8,,2,,,,,,,2,,,,2,,,,,,2,2,6,2,34,,,2,,2,,,,2,2,,,
1522,42.91314,-78.869804,"6,797",2609,437,1661,1505,798,1606,,255,29,385,2,20,2,,,104,162,,4,48,4,,952,88,22,,2,,,,,,,,,,,,,,,,,,,,,2,2,,,,,,,,,,,,10,,,18,,,,,,2,10,2,,,,,,,,2,8,,,,,,,,,2,,,,14,,,,,,2,308,,,2,,4,,,20,,,,,,,,,,,2,,2,,,,,,,,,4,,,,6,,4,,,,,,,,6,,,,,,,,,,2,,,
1523,42.919455,-78.86811,"8,595",3002,709,1696,1484,1230,2458,,422,30,211,,11,,,2,190,292,2,30,124,20,10,1708,206,24,,,,,,,,,,,,,2,,,,,,,,,2,4,,,,,,,,2,,,,,4,,,4,,,,,,,6,2,,,,,,,,,2,,,,,,,,,16,,,,16,8,2,,,,8,414,,,2,,2,,,6,,2,,2,,,2,,,4,6,2,,,,4,4,,,,,,,,,14,,2,,,2,2,4,2,,,,,,,8,,,,,,,,
1524,42.917181,-78.868694,24,2073,359,1299,1165,774,2064,,233,14,227,1,17,,,2,114,150,2,26,42,6,6,884,110,12,,,,,,,,,,,,,,,,,,,,,,2,,,,,,,,,2,,,,,6,,,6,,,,,,,4,,,,,,,,,,,,,,,,,,,12,,,,14,2,,,,,4,288,,,2,,2,,,4,,2,,,,,2,,,2,4,2,2,,,2,,,,,,,,,,16,,2,,,2,,2,2,,2,,,,,2,,,,,,2,,
1526,42.904696,-78.872299,"13,334",2484,536,2049,1760,832,2476,,74,23,233,2,21,1,3,,214,182,2,20,116,24,4,1786,148,44,,,,,,,,,,,,,,,,,,,,,,,2,,,,,,,2,,,,,,8,,,10,,,,,,,2,,,,,,,,,,,,,,,,,,,4,,2,,6,4,,,,,12,320,,,4,,4,,2,4,,,2,,6,,2,,,2,,,4,,4,4,12,,,,2,,,,,12,,4,,,,,,,,,,,4,,2,,,,,4,,,
1545,42.894901,-78.877062,"3,710",2084,288,1640,1327,1008,3524,,431,94,220,4,19,,0,2,758,520,8,18,226,32,4,2930,316,40,,,,,,,2,,,,,2,8,,,,,,,,2,2,,,,2,,,4,,,2,,,2,34,,,26,,2,2,,,,12,24,,,,,,,,,6,,,,2,,,,,4,,,,18,6,6,8,,4,16,552,,,,,4,,,16,,6,2,,4,,2,10,,2,6,6,8,,2,,,,,,,4,,,,2,,,,,,4,2,,6,36,,4,2,,,,,,2,,2,,
1556,42.953833,-78.869085,"14,658",2258,497,1258,1144,752,2592,,539,19,77,2,3,4,,,252,260,2,18,188,10,,1652,192,12,,2,,2,,,,,,,,,,,,,,,,,,4,2,,,,,,,,,,,,,6,,,10,,4,,,,,,4,,2,,,,,,,2,,,2,,,,,,2,,,,12,2,,2,,,2,310,,,2,,2,,2,4,,2,2,,,,2,2,,,4,2,,,,,,,,,,2,,,,2,,,,,,,,2,,12,,,,4,,,,,2,8,,,
1567,42.884,-78.880746,"3,483",1842,1016,61,49,300,3160,,,5,24,,17,,6,1,980,406,12,84,114,124,2,2526,96,18,,2,2,2,,,,2,,182,2,,,,10,,2,,2,,,,2,,2,,,2,,2,,,,,,24,,,6,,,,,,,,,,6,,,,,,,,,2,,22,2,,,2,,,,,10,2,,,,,14,546,,,,,,,,4,,,,,,4,2,,,,,2,4,,,,2,,,,,,,2,,,,,,2,,,,,,,,,,,,,,,2,4,,,
1587,42.904411,-78.895093,"3,240",2564,583,1227,972,1964,1152,2,522,68,79,,6,,0,2,480,522,10,26,152,28,8,1020,202,18,2,14,,,,,,,,,,2,,2,,,4,,,,,4,,2,,,,,,,2,,,,,8,,,40,,2,,,,,10,2,,2,,,,,,,2,,,,,,,,,,,2,,14,4,2,2,,8,2,334,,,,2,,,6,2,2,,2,2,6,,,12,,,4,4,2,,,,,,,,,,,,,2,4,,,,2,4,2,,4,24,,12,2,,6,,,,6,,,,
1588,42.903841,-78.853952,"8,457",1186,1128,775,614,1116,1348,,345,262,21,1,17,4,2,,414,278,16,10,130,12,,468,160,34,,,,,2,,,,,,,2,2,,,,,,,,,,8,,,,,,,,,,,,,14,,,20,,4,,,4,4,,,,,,,,,,,,,,,,,,,,4,,30,,,,,8,6,2,,248,2,,,,4,,2,2,,,2,,2,,,12,,2,,2,,,,8,,,,,,,,,,10,,2,,,,2,2,2,,12,,2,,,,,,,6,,,,
1590,42.90913,-78.899544,"3,221",2488,505,1151,876,1076,1436,7,458,73,84,,6,9,3,6,604,624,4,28,192,34,2,1098,160,18,,4,,,,,,,,,,2,,,,,,,,,,2,4,2,,,,,,2,2,,,,,6,,2,44,,4,,,,,2,4,,,,,,,,,2,,2,,,,,,,,,2,,8,2,,,,14,28,380,,,,,6,,,4,,,,,12,,,8,,,,,,,,,,,,,,2,,,,16,,2,,,,,,2,2,28,,,,,,,,,,,,2,
1591,42.905992,-78.896591,"6,123",3307,745,1552,1234,1458,806,6,658,102,95,2,5,,2,1,738,766,12,28,192,32,4,1120,258,16,2,14,,,2,,,,,,,4,,2,,,,4,,,,4,2,2,,,,,,2,2,,,,,6,,2,58,,6,,,,,12,4,,,,,,,,,8,,,,,,,,,4,,2,,36,2,,6,,12,12,484,2,,2,,6,,6,2,,,,2,6,,2,8,,,4,4,,,,,,,,,,,,,,10,4,2,,,,2,2,,4,28,,8,2,2,2,,,,6,,,,
1592,42.94566,-78.907562,"5,881",1143,175,533,461,490,1144,0,229,32,40,3,1,2,0,2,408,292,2,18,98,8,8,886,96,12,,,,,,,,2,,,,2,2,,,,,,,,,,,,,,,,,2,,,,,,26,,,26,,,,,,,,4,,,,,,,,,4,,,,,,,,,,,2,,,,,2,,,6,224,,,,,2,,,4,,2,,,6,,,2,,,,,4,,,10,,,,,,,,,,4,,2,,,4,,4,4,,12,,,2,2,,,,,,,,,
1593,42.907563,-78.898047,"4,402",3217,673,1470,1156,1340,1476,5,617,105,109,,4,0,3,6,808,802,16,36,232,34,4,1342,248,20,,12,,,,,,,,,,4,2,,,,,,,,,2,2,4,,,,,,2,2,,,,,4,,2,56,,6,,,,,2,2,,,,,,,,,6,,2,,,,,,,4,,2,,30,2,,4,,8,26,510,,,,,6,,,2,,,,2,16,,,10,,,2,,,,,,,,,,,2,,,,22,2,2,,,,2,,,6,28,,2,,,,,,,2,,,2,
1594,42.885171,-78.853912,"6,470",1809,1704,1179,914,926,1374,2,228,386,54,0,12,4,1,0,786,694,28,6,332,38,,1094,192,40,,,,8,,,,,,,,,2,,,,,,,,,,2,10,,,,,2,,,,,,,12,,,26,2,4,,4,2,,,,,,,,,,,,,,,2,,,,,,2,,14,,6,2,2,8,2,,4,206,,,,,8,,2,6,,,2,,4,,,6,,6,4,4,,,,,,,,,,2,,,,6,,,,,4,,,20,2,12,,,,,,,,,,,,,
1595,42.893023,-78.853947,"5,703",1304,1204,684,545,958,1530,4,468,570,47,1,9,5,,,318,210,12,8,90,8,4,444,142,40,6,4,,,,,,2,,,,2,,,,,,,,,,2,6,10,,,,,2,,,2,,,,36,,,22,,10,,2,,,4,8,2,,,,,,,,,,,2,,,,,,2,,28,,6,,,4,,6,8,406,,,6,,2,,2,8,,,2,,4,,2,28,,,6,2,,,,,,,,,,2,,,,2,,2,,,,2,,,,8,,4,2,,4,,,2,10,,,,
1596,42.887829,-78.853933,"4,514",1135,1027,870,586,962,1508,,259,435,48,,10,4,2,3,488,358,14,10,262,36,,908,196,26,,2,,8,,,,,,,,,2,,,,2,,,,2,,,4,,,,,2,,,,,,,28,,,26,2,8,,6,2,,,2,,,,,,,,,,,,4,2,,,,2,4,,20,,8,2,2,12,6,,10,310,,,,,8,,,10,,,,,6,,,8,,10,,2,4,,,,,,,,,4,,,,4,,,,,4,,2,,2,14,,2,,,2,,,,4,,,,
1597,42.947677,-78.853091,"7,910",3095,364,1651,1513,1102,1506,0,814,11,106,,6,,,,248,260,,8,76,8,,872,144,14,,2,,,,,,,2,,,4,2,,,,,2,,,,,2,4,,2,,,2,2,,,,2,,8,,,22,,2,,,,,12,10,,,,,,,,2,14,,,,,,,,2,,,,,18,2,4,,,,20,474,,,2,,4,,2,6,2,,,,6,,2,18,,2,6,,4,,2,2,,,,,,2,,,,26,,,,,,,,2,,28,,,,4,4,,,,2,,,,
1598,42.947479,-78.835667,"5,681",1576,270,784,712,1036,936,,430,16,50,,4,2,4,3,160,258,2,4,94,2,8,652,98,16,,,,,,,,,,,,,,,,2,6,,,,,2,,2,,,,,2,,,,,,,4,,,28,,,,,,,8,12,,,,,,,,,8,,,,,,,,,,,2,,2,,2,,,2,4,340,,,2,,24,,,4,,2,,,8,,,14,,2,2,4,6,,,,,,,,,,,,,22,2,,,,,,8,,,14,,,,10,2,,,,6,,2,,2
1599,42.89659,-78.853956,58,724,678,417,335,714,1230,2,235,409,56,2,7,2,5,,314,238,10,2,114,4,4,486,104,30,4,2,,,,,,2,,,,,,,,,,,,,,,2,12,,,,,,,,,,,,22,,,10,,8,,,,,,4,,,,,,,,,,,,,,,,,,2,,10,,,,,4,,2,6,200,,,4,,,,,6,,,,,2,,,8,,,2,2,,,,,,,,,,,,,,6,,2,,,2,,,4,,12,,6,4,,2,,,,4,,,,
1600,42.897812,-78.85396,"6,400",765,725,470,354,882,1030,2,257,427,45,2,13,1,5,,340,242,6,10,110,4,2,456,110,20,2,,,,4,,,2,,,,,2,,,,,,,,,,4,10,,,,,,,,,,,,22,,,18,,10,,,,,,4,,,,,,,,,,,,,,,,,,,,16,,,,,10,6,4,6,214,,,8,,,,,6,,,,,2,,,2,,2,,2,,,,,,,,,,,,,,8,2,4,,,2,2,2,4,,12,,2,4,,2,,,,2,,,,
1601,42.900213,-78.85395,"5,505",1209,1143,726,548,1186,942,,424,533,28,,27,3,2,,494,370,10,12,146,8,4,618,158,14,2,,,,4,,,2,,,,,8,,,,,,,,,,6,4,,,,,,,,2,,,,14,,,26,,10,,,,,,6,,,,,,,,,,,,,,,,,2,2,,28,,2,,,12,10,4,,324,,,4,,,,2,2,,,2,,10,,,14,,4,2,,,,,6,,,,,,,,,,12,2,4,,,2,2,4,6,,18,,2,2,,2,,,,6,,,,
1602,42.896172,-78.853933,"7,601",767,716,434,352,674,1120,2,234,441,57,2,6,2,5,,266,208,8,2,82,4,2,372,88,32,4,2,,,,,,,,,,,,,,,,,,,,,4,10,,,,,,,,2,,,,22,,,6,,8,,,,,,2,,,,,,,,,,,,,,,,,,2,,18,,,,,,,,6,182,,,4,,,,,8,,,,,2,,,8,,,4,2,,,,,,,,,,,,,,2,,2,,,,,,4,,10,,4,4,,2,,,2,8,,,,
1605,42.897058,-78.853958,"6,296",765,719,450,355,804,1068,2,254,441,53,2,9,2,5,,314,248,8,6,106,6,2,444,110,24,2,2,,,,,,2,,,,,,,,,,,,,,,,12,,,,,,,,,,,,24,,,14,,8,,,,,,4,,,,,,,,,,,,,,,,,,,,10,,,,,6,,4,6,190,,,4,,,,,6,,,,,2,,,2,,,2,2,,,,,,,,,,,,,,6,2,2,,,2,2,,4,,12,,2,4,,,,,,2,,,,
1607,42.914973,-78.853977,"6,931",2267,2134,1347,1054,1500,1216,4,624,440,80,2,20,2,2,2,722,596,24,18,306,24,2,1022,338,28,6,,,,,4,,2,,,,8,2,2,,,,,,,,,4,14,,2,2,,2,,,,,,,38,,,48,2,2,,,2,2,2,32,,,,,,2,,,,,,,,,,,,,,26,,18,,2,6,2,6,8,704,2,,4,12,6,,,26,,2,8,,10,,,22,,,12,,2,,,,,,,,,,,2,,12,2,,2,,4,2,4,8,2,32,,16,2,,4,,,,10,2,2,,
1608,42.908315,-78.853965,"4,022",1479,1420,1013,693,1340,1328,,473,371,51,1,20,,,2,638,482,10,20,280,18,,1716,244,20,,12,,,,,,,,,,2,4,,,,,,,,,2,,8,,,,,,,,2,,,,12,,,58,,6,,,,6,,6,,,,,,,,,,,2,,,,,,,2,,8,,6,,,8,,6,12,314,2,,,,4,,6,6,,,2,,2,,,10,,,,2,,,,2,,,,,,,,,,6,,,,,,2,2,2,,20,,10,,,,,,,10,,2,2,2
1609,42.902083,-78.853947,"4,251",927,891,567,441,1018,1160,,286,378,21,1,18,4,1,,358,254,12,6,116,8,6,520,132,30,,2,,,4,,,,,,,,6,,,,,,,,,,6,,,,,,,,,2,,,,10,,,10,,6,,,4,,,4,,,,,,,,,,,,,,,,,,2,,38,,,,,8,6,4,,202,,,2,,,,2,,,,,,4,,,8,,4,2,2,,,,6,,,,,,,,,,8,,2,,,2,,2,,,14,,2,,,2,,,,6,,,,
1610,42.917043,-78.853977,"2,851",2230,2086,1304,1049,1182,1094,,660,271,47,,13,1,2,1,630,444,16,16,248,14,,896,314,24,,2,,,2,8,,2,,,,6,,,,,,,,,,,,12,,2,2,2,,,2,,2,,,30,,,48,2,2,,,2,2,14,8,,,,,,2,,,2,,2,2,,,,,,,,32,,18,,,2,,6,8,594,2,,6,6,8,,2,14,,,4,,12,,,10,,2,4,2,,,,,,,,,,,,,,8,2,,2,,2,2,10,4,,26,,16,,,4,,,2,4,2,4,,
1611,42.909385,-78.853964,"3,881",1590,1536,1062,736,1406,1440,,504,418,76,2,22,,,2,710,542,12,20,318,30,4,1774,282,28,,2,,,,,,,,,,2,,,,,,,,,,2,2,6,,,2,,,2,,2,,,,14,,,60,,6,,,,6,,6,,,,,,,,,,,,,,,,,,2,,10,,4,,,6,,10,30,412,,,,,2,,,14,,,2,,6,,2,12,,2,,2,2,,,2,,,,,,,,,,8,,,,,,2,6,6,,22,,10,,,,,2,2,8,,2,2,2
1612,42.911121,-78.853968,"4,629",1772,1698,1101,777,1522,1374,,548,457,77,2,18,,,1,762,554,16,14,334,32,2,1782,282,30,,,,,,,,,,,,,,,,,,,,,,,2,6,,2,,,2,,,2,,,,16,,,56,,4,,,,2,,26,,,,,,2,,,,,,,,,,,2,2,,10,,10,,,8,,10,30,474,,,,,,,,18,,2,2,,10,,2,12,,2,6,2,2,,,2,,,,,,,,2,,10,,,,,,,6,10,,26,,6,,,2,,,,8,,,,
1613,42.907466,-78.853963,"3,665",1474,1405,1015,708,1300,1502,,425,357,44,1,17,,,2,544,396,6,18,250,16,,1666,212,24,,12,,,2,,,,,,,2,4,,,,,,,,,2,,8,,,,,,,,2,,,,12,,,60,,4,,,,4,,4,,,,,,,,,,,2,,,,,,,2,,6,,2,,,2,,16,12,304,2,,,,6,,6,16,,,2,,6,,,6,,,,4,2,,,2,,,,,,,,,,4,,,,,,2,2,2,,24,,8,,,,,,,6,,2,2,2
1614,42.919349,-78.853968,"2,915",2228,2070,1296,1015,1438,672,,801,300,26,,18,2,4,2,486,400,6,24,148,24,,698,196,18,,2,,,2,12,,2,,,,6,,,,,2,,,,,,,2,,2,2,2,,,2,,,,,24,,,64,2,6,,,,2,10,8,,,,,,,,,6,,2,2,,,,,,4,,40,,12,,4,,2,10,6,576,2,,6,,4,,,20,,,2,,8,,,22,,2,4,4,,,,,,,,,,,,,,22,2,,2,,,,10,4,,42,,14,,,4,,,,12,2,4,,
1658,42.937959,-78.904621,"1,865",1980,236,918,759,742,1474,,485,51,103,3,2,,2,0,652,566,4,20,152,26,2,1050,238,18,,6,,,2,4,,,,,,4,4,,,,,,,,,,,,,,2,,,,,,,,,10,,,38,,,,,,2,,12,,,,,,,,2,4,,,,,,,,,,,2,,20,,2,4,,,8,244,,,,,2,,,6,,,,,,,,10,,2,,2,,,2,2,,,,,,2,,,,2,2,2,,,,2,6,,,20,,,,2,,,,,6,,,,
1691,42.905808,-78.867766,"8,436",1807,867,1211,1050,1146,2222,1,154,160,195,,17,6,6,,446,368,6,16,196,20,4,2016,258,38,,,,,,,,,,,,2,,,,,,,,,,,,2,,,,,,,,,,,,22,,,18,,,,,,,8,2,,,,,,,,,,,,,,,,,,,,6,,6,2,,,2,4,,274,,,,,2,,,2,,,2,,2,,4,2,,,2,2,8,,,4,2,,2,,,,,,,16,,,,,,2,2,2,,6,,2,,,4,,,,2,4,,,
1692,42.909554,-78.866507,"8,549",2597,1318,1586,1362,1010,2474,,244,153,141,0,16,,2,,724,542,6,14,352,30,4,2424,306,32,,,,,,,,,,,,,4,,,,,,,,,,2,6,,,,,,2,,,,2,,8,,,58,,,,,,,4,8,,,,,,,,,2,,,6,,,,,,,,14,,8,2,,,,2,20,380,,,,,12,,,2,,,2,2,2,,6,4,2,2,6,2,4,,,,,,,,,,,,,6,,,,,,4,2,2,,12,,4,,,2,,,,2,,2,,2
1694,42.92075,-78.858809,"8,954",1425,849,593,449,704,1154,0,315,123,41,,14,2,2,,206,274,2,10,114,6,,480,200,26,,4,,,,,,,,,,2,2,,,,,,,,,,2,12,,,,,,,,,,,,18,2,,30,,,,,,,4,8,,,,,,,,,,,,,,,,,,,,20,,2,2,2,,2,,4,170,,,,,,,,2,,,,,2,,,,,2,,,,,,4,,,,,,2,,,,2,,,,,2,2,,,,8,,,,,,,,,2,,,,
1712,42.924187,-78.898107,"9,908",1413,355,636,497,544,1024,0,319,92,43,,1,15,0,,264,438,4,12,106,14,2,504,166,14,2,6,,,2,,,,,,,,,,,,2,,,,,,,,,,,,,,,,,,,8,,,30,,,,,,,2,8,,,,,,,,,,,,,,,,,2,,,,,22,,,6,,,12,286,,,4,,6,,2,2,,,,,2,,2,4,,4,2,,2,,,,2,,,2,,,,,,2,,2,,,2,,,4,,14,,,,,,,,,,2,4,,
1713,42.9309,-78.899287,"4,472",88,15,43,32,94,852,5,11,26,27,,,8,2,,24,42,2,,28,2,,144,34,16,,,,,,,,,,,,2,,,,,2,,,,,,,,,,,,,,,,,,,2,,,2,,2,,,,,,,,,,,,,,,,,,,,,,,,,,,,4,,,,,,4,74,,,4,,,,,8,,,,,,,,,,,,,4,,,2,2,,,,,,,,,,,,,,,,,,2,,,,,,,,,,,,,,
1714,42.922656,-78.8983,"8,486",1256,339,593,463,450,946,0,277,103,53,,3,10,2,,216,302,2,10,88,6,,404,126,22,2,8,,,2,,,,,,,,,,,,,,,,,,,,,,,,,,,,,,,12,,,108,,,,,,,,6,,,,,,,,,6,,,,,,,,2,,,,,22,,,4,,2,14,362,,,2,,16,,,4,,,,,,,2,8,,4,,,,,,,2,,,2,,,,,,2,,2,,,2,,,2,2,12,,,,,,,,,,,4,,
1715,42.910365,-78.900023,"10,519",2099,484,1003,741,894,1502,4,403,63,69,,4,16,3,6,480,506,2,28,168,26,4,942,158,20,,4,,,,,,,,,,,,,,,,,,,,2,2,2,,,,,,,,,,,,14,,2,38,,4,,,,,8,4,,,,,,,,,,,2,,,,,,,,,2,,6,2,,,,10,14,346,,,,,6,,,4,,,,,8,,,12,,,,,4,,,2,,,2,,,2,,,,18,,6,,,,,,2,2,28,,,,,,,,,2,,,2,
1716,42.911246,-78.89992,"7,150",2053,481,982,725,754,1448,3,403,67,65,,4,19,5,4,428,522,,26,152,22,4,932,152,16,,4,,,,,,,,,,,,,,,,,,,,2,2,2,,,,,,,,,,,,14,,,34,,2,,,,,6,4,,,,,,2,,,,,2,,,,,,,2,,2,,2,2,,,,12,34,358,2,,,,4,,,2,,,,,8,,,12,,,,,4,,,2,,,2,,,2,,,,18,,6,,,,,,2,2,30,,,,,,,,,,,,2,
1717,42.921296,-78.898484,64,1286,325,635,484,484,1036,7,279,102,61,,3,11,2,,242,328,4,6,90,8,,450,116,24,2,4,,,2,,,,,,,,2,,,,,,,,,,,2,,,,,,,,,,,,10,,,32,,,,,,,,,,,,,,,,,6,,,,,,,,,2,,4,,20,,,4,,4,12,290,,,2,,,,,6,,,,,,,2,2,,4,,,,,,,2,,,2,,,,,,,,4,,,4,,,6,2,12,,,,,,,,,,,4,,
1718,42.92004,-78.898685,"6,970",1628,363,877,643,630,1180,7,366,98,70,,4,11,3,,276,382,6,12,130,14,2,606,140,24,2,4,,,,,,,,,,,2,,,,,,,,,,,2,,,,,,,,,,,,14,,,38,,,,,,,6,6,,,,,,,,,4,,,,,,,,,2,,4,,12,,2,4,,4,32,372,,,2,,,,,12,,,,,2,,2,2,,,,,,,,,2,,,2,,,,,,,,6,,,6,,,6,2,14,,4,,,,,,,,,2,,
1719,42.944145,-78.907171,"6,160",1348,257,616,551,524,1772,0,280,37,40,6,1,6,,1,422,304,2,16,130,14,6,888,110,18,,2,,,,,,,,,,,2,,,,,,,,,,,4,,,,,,,2,,,,,16,,2,12,,,,,,,,6,,,,,,,,,2,,,,,,,,,,,2,,,,,2,,4,6,196,,,,,4,,,6,,4,,,4,,,2,,2,2,2,4,,,12,,,,,,,,,,2,,2,,,,,4,,2,14,,4,2,,,,,,2,,,,
1720,42.914574,-78.899515,"8,945",1511,376,718,547,654,1462,5,371,53,47,,2,19,4,1,276,364,2,10,92,18,6,518,126,26,,2,,,,,,,,,,2,,,,,8,,,,,,2,2,,,,,,,,,,,,20,,,32,,,,,,,8,6,,,,,2,2,,,2,,,,,,,,,4,,2,,2,,,,,2,32,270,2,,,,6,,,6,,,,,,,,6,,,2,,4,,,2,,,2,,,,,,,8,,,,,,,2,2,,20,,,,,6,,,,2,,,,
1721,42.941736,-78.905945,"8,491",2397,458,1141,1026,812,1726,2,512,55,65,3,3,2,,1,640,510,8,30,178,26,4,1380,226,28,4,4,,,4,4,,,,,,,6,,,,,,,,,,,4,,,2,,,,2,,,,,4,,,44,,,,,2,,,8,,,,,,,,,,,,,,,,,,,,,,14,,,4,8,10,4,310,,,,,8,,,4,,2,,,8,,,14,,4,2,,4,,2,4,,,,,,,,,,4,,,,,,,8,2,2,24,,4,2,,2,,,,2,,,,
1722,42.942632,-78.906423,"6,441",2067,376,952,856,744,2016,0,474,47,58,6,2,5,,0,548,448,8,22,174,20,4,1326,198,26,2,4,,,2,,,,,,,,4,,,,,,,,,,,4,,,,,,,2,,,,,16,,,36,,,,,,,,8,,,,,,,,,2,,,,,,,,,,,,,8,,,2,8,12,6,282,,,,,10,,,4,,2,,,6,2,,6,,4,2,2,4,,2,12,,,,,,,,,,2,,4,,,,,6,,2,28,,4,2,,2,,,,2,,,,
1723,42.939806,-78.904942,"6,730",2602,421,1240,1064,878,1686,1,603,75,80,1,4,2,2,1,656,578,6,30,174,30,2,1140,250,28,2,6,,,4,4,,,,,,4,4,,,,,,,,,,,4,,2,2,,2,,,,,,,10,,,48,,,,,2,2,,12,,,,,,,,,2,,,,,,,,,,,2,,16,,2,6,8,8,8,352,,,,,4,,,8,,4,,,4,,2,16,,6,4,2,4,,2,2,,,,,,,,,,6,2,,,,,2,6,,2,32,,6,,2,,,,,4,,4,,
1724,42.932926,-78.901408,"5,699",548,85,267,218,410,718,4,135,42,53,7,2,7,2,4,144,168,2,2,64,10,,328,102,26,,2,,,,,,,,,,2,,,,,,,,,,,,,,,,,,,,,,,,18,,,12,,,,,,,,2,,,,,,,,,4,,,,,,,,,,,,,2,,,,,,4,116,2,,2,,,,,2,,,2,,,,,2,,,,,,,,,,,,,,,,,,,,2,,,,,,,2,6,,4,,,,,,,2,,,,
1725,42.917063,-78.899219,"10,412",1454,298,736,552,606,1438,8,372,83,57,,3,10,2,,268,310,6,10,112,22,2,546,124,26,,,,,,,,,,2,,2,,,,,2,,,,,,2,2,,,,,,,,2,,,,18,,,32,,,,,,,10,10,,,,,,,,,,,,,,,,,,4,,4,,8,,,,,6,36,370,,,,,10,,,10,,,,,4,,2,,,,,,,,,,2,,,,,,,,,10,,2,,,4,,2,6,,16,,4,,,10,,,,2,,,,
1726,42.945211,-78.907509,"7,119",1180,202,552,483,478,1202,0,235,32,40,4,1,2,,2,420,318,2,18,114,8,8,894,110,12,,,,,,,,2,,,,2,2,,,,,,,,,,,2,,,,,,,,,,,,26,,,22,,,,,,,,,,,,,,,,,4,,,,,,,,,,,2,,,,,2,,,6,218,,,,,4,,,4,,4,,,8,,,2,,2,2,2,4,,,10,,,,,,,,,,4,,2,,,2,,4,4,2,12,,,2,2,,,,,2,,,,
1727,42.943694,-78.90697,"6,642",1615,291,733,655,588,1790,0,352,41,50,6,1,7,,1,546,366,2,18,160,22,6,1080,142,22,,2,,,2,,,,,,,,6,,,,,,,,,,,4,,,,,,,2,,,,,16,,2,20,,,,,,,,8,,,,,,,,,2,,,,,,,,,,,2,,2,,,2,,6,6,240,,,,,8,,,6,,4,,,4,,,2,,2,2,2,4,,,12,,,,,,,,,,2,,6,,,,,6,,2,16,,4,2,,,,,,2,,,,
1730,42.913057,-78.899707,"12,331",2060,492,999,738,830,1608,4,461,53,47,,7,22,4,4,410,498,2,22,144,28,4,942,154,20,,4,,,,,,,,,,,,,,,2,,,,,2,4,2,,,,,,,,,,,,16,,,26,,2,,,,,6,4,,,,,,2,,,8,,2,,,,,,,2,,,,,,,6,,16,34,360,2,,,,2,,,2,,,,,8,,,12,,,,2,4,,,2,,,2,,,,,,,20,,4,,,,,2,2,,36,,2,,,2,,,2,2,,,,
1813,42.935196,-78.866704,"6,441",559,60,318,298,1386,4162,,128,7,1,,0,,,0,30,56,2,2,14,2,,220,18,12,,,,,,,,,,,,,,,,,,,,,,,,,,,,,,,,,,,,,,,6,,2,,,,,2,,,,,,,,,,,,,,,,,,,,,2,,,,,,,,4,104,,,,,,,,2,2,,,,2,,,,,,,,2,,2,,,,,,,,,,,2,,,,,,,,2,,2,,,,,,,,,2,,,,
1849,42.881084,-78.839218,"3,273",1032,229,571,441,366,876,12,261,141,53,,6,0,10,,302,266,4,6,120,10,2,406,122,26,2,2,,,,,,,,,,,8,,,,,,,,,,,,,,,,,,,,,,,4,,,16,,2,,2,,,,10,,,,,,,,,,,,,,,,,,,,,,,,,,,2,,144,,4,,,,,,2,,,,,,,2,6,,,4,,,,,,,,,,,2,,,,14,,,,,,2,,,,2,,2,,,,,,,2,,,,
1851,42.883348,-78.839203,"3,966",1125,502,733,516,492,1094,12,290,241,65,,5,1,6,,464,344,10,6,208,20,,670,262,20,,2,,,2,,,,2,,,2,,,,,,,,,,,,,,,,,,,,,,,,8,,2,30,,4,,2,,,,14,,,,,,,,,4,,,,,,,,,,,8,,,,2,2,4,2,,246,,10,,,,,,6,,,,,,,,8,,,4,,,,,,,,,,,2,,,,20,,2,,,,4,4,,2,,,6,,,,,,,2,,,,
1853,42.889662,-78.839244,"3,527",1361,974,1057,678,1074,888,4,363,729,85,2,17,4,2,2,756,776,24,24,290,44,6,1170,256,16,,2,,,,,,,,,,,4,,,,,,,,,,4,6,,,,,2,,,2,,,,8,,,36,2,6,,,,,,,,,,,,,,,42,,,,,,,,,,,8,,,,,2,10,10,4,286,,,6,,2,,,2,,,2,2,6,,,8,,,10,,2,,,,,,,,,,,,,14,,2,,,,2,2,6,2,16,,2,,,,,,,,,,,
1857,42.910932,-78.839073,"6,115",2108,1977,1309,978,1306,3560,0,634,434,74,2,18,2,,,844,526,30,24,222,30,4,812,250,38,,,,,2,,,2,,,,6,2,,,,2,,,,,,,4,,,2,,,2,,4,2,2,,20,,,54,2,14,,4,2,,,16,,,,,,,,,6,,,,,,,,,4,,34,,,,2,6,14,6,,446,,,6,,2,,,4,,2,,,8,,2,18,,6,,,,,,,,,,,,,,,,2,,,,,2,,10,2,2,34,,4,,,2,,,,2,2,2,,
1858,42.914627,-78.839098,"7,893",1840,1729,1072,795,952,2982,2,507,309,64,,17,3,,3,1164,510,10,32,254,90,14,1226,332,30,,,,,,,,4,,,,,6,,,,,,,,,2,,,,,2,,,2,2,,,,,46,,,74,,6,,4,,,2,12,,,,,,,,,6,,,,,,,,,,,12,,4,2,2,12,4,14,,438,,,4,,,,,8,,,,,4,,,18,,4,,,6,,,,,,,,,,,,,2,,,2,,2,,,,,22,,2,2,,2,,,,2,,2,,
1859,42.910465,-78.839068,"4,146",2104,1979,1309,972,1272,2908,0,634,431,78,2,18,2,,,798,482,24,20,218,32,4,770,234,34,,4,,,2,,,2,,,,8,2,,,,2,,,,,,,2,,,2,,,2,,4,2,2,,20,,,50,,10,,4,2,,2,8,,,,,,,,,6,,,,,,,,,4,,34,,2,,,4,14,6,,418,,,4,,2,,,2,,2,,,8,,2,14,,6,2,,,,,,,,,,,,,,,2,,,,,,2,10,2,2,24,,4,,,2,,,,2,2,2,,
1860,42.905742,-78.839031,"2,853",855,821,519,382,2798,2140,,242,125,29,,6,2,2,3,498,218,12,22,224,16,8,790,118,32,,6,,10,,,,,,,,,,,,,2,,,,,,,4,,,,,,,,,,,,28,,4,22,,4,,,,,2,6,,,,,,,18,,,,,,,,,,,2,,2,,4,,2,4,,4,4,322,,,,,2,,,12,,,,,2,,,2,,4,2,,,,,,4,,,,,,,,,4,,,,,,,2,2,,6,,,,2,2,,,,6,,,,
1861,42.907261,-78.839056,"4,647",1351,1308,830,599,2456,1130,0,408,223,44,,10,2,2,1,692,376,18,20,242,16,8,672,170,18,,6,,,,,,2,,,,2,,,,,2,,,,,,,,,,,,,,,2,,,,42,,4,22,,4,,,,,4,12,,,,,,,18,,,,,,,,,,,2,,10,,2,,,4,,4,4,386,,,6,,2,2,,8,,,2,,2,,,6,,4,2,,,,,,,,,,,,,,,6,,,,,,2,8,2,,16,,,,2,2,,,,6,2,,,
1862,42.919074,-78.839283,"4,211",828,774,484,342,598,1104,6,223,171,39,,8,13,2,5,322,322,4,10,112,10,4,394,140,16,,,,,,,,2,,,,,,,,,,,,,,,2,,,,,,,,,,,,,12,,,22,,,2,2,,,4,2,,,,,,,,,,,,,,,,,,,,4,,6,,,,,6,4,156,,,,,,,,2,,,,,2,,,12,,2,,,,,,,,,,,,4,,,,10,,4,,,,,,,2,10,,,,,,,,,,,2,,
1863,42.885005,-78.839242,"7,387",1168,715,873,563,800,1286,13,337,378,67,,6,0,14,,552,432,14,16,246,28,2,674,288,26,,,,,4,,,,4,,,4,4,,,,,,,,,2,2,,,,,,2,,,,,,,6,,2,30,2,8,,2,,,2,10,,,,,,,,,12,,,2,,,,,,2,,10,,2,,,2,,2,,256,,10,4,,,,,4,,,,,2,,,10,,,4,,,,,,,,,,,4,,,,18,,6,,,,2,4,,4,12,,,,,2,,,,,,2,,
1864,42.903803,-78.839312,122,938,840,611,463,2434,2652,,250,204,45,,7,,2,5,636,354,12,18,358,20,6,1292,192,42,,2,,10,,,,,,,,,,,,,2,,,,,,,4,,,,,,,,2,2,2,,18,,4,22,,,2,,,,2,4,,,,,,,18,,,,,,,,,,,,,14,,12,2,2,4,,2,6,372,,,,,2,,,16,4,2,4,,4,,,,,6,,4,4,,,,4,,,,,2,,,,2,,2,,,4,,2,,,6,,4,,,4,,,,4,,,,
1895,42.887006,-78.877949,45,1294,679,317,208,720,4670,2,,7,149,5,25,,0,7,1782,826,20,44,368,92,28,4878,316,60,,2,2,2,,,,2,,182,2,,2,,10,,,,2,,,,2,,2,,,,,2,,,,,,24,,,6,,,,,,,,,,6,,,,,,,2,,2,,22,2,,,2,,,,,20,4,2,,,,14,612,,,2,,2,,,4,,,2,,,4,4,,,,2,6,16,,2,,2,,,,,,,2,,4,,,,2,,,,,,2,,,,,,,2,,2,4,,,
1897,42.868487,-78.846007,"4,656",1310,92,657,540,308,614,0,414,179,26,,4,8,7,0,358,314,2,14,54,12,4,426,90,22,,4,,,,,,,2,,,2,4,,,,,,,,,,,2,,4,,,,,,,,,,26,,,30,,2,,,,,,14,,,,,,,,,,,,,,,,,,2,,,,2,,,2,4,4,,194,,,,,2,,,2,2,,2,,2,,,4,,2,,,,2,,,,,,,,,,,,6,,4,,,,,6,2,2,20,,,,,,,,,,,2,,
1898,42.872308,-78.844714,"5,150",894,88,564,406,480,732,1,341,122,17,,,5,5,1,174,178,,,32,6,2,268,82,16,,,,,,2,,,,,,,2,,,,,,,,,,,,,,,,,,,,,,,26,,,28,,2,,2,,,2,20,,,,,,,,,,,,,,,,,,2,,10,,,,2,,,6,2,232,,2,,,2,,,2,,,2,,,,2,16,,,2,4,4,,,,,,,,,,,,,4,,6,2,,,,2,2,,20,,,,,2,,,,,,,,
1899,42.869277,-78.845685,"7,362",1262,89,644,522,348,676,0,410,141,24,,4,4,6,1,280,260,2,12,44,6,2,332,66,18,,2,,,,,,,2,,,,4,,,,,,,,,,,2,,4,,,,,,,,,,24,,,28,,2,,2,,,2,14,,,,,,,,,,,,,,,,,,2,,2,4,4,,,2,4,4,8,260,,,,,6,,,4,,,2,,2,,,4,,,,2,,2,,,,,,,,,,,,4,,4,,,,,4,2,2,24,,,,,2,,,,,,,,
1900,42.866025,-78.847654,"6,233",1047,61,514,434,346,1956,1,343,185,23,,7,5,8,0,256,284,4,14,40,12,2,388,86,26,,2,,,,,,,2,,,,2,,,,,,,,,,,,,2,,,,,,,,,,22,,,18,,2,,,,,2,8,,,,,,,,,,,,,,,,,,2,,,,4,,,2,4,2,,164,,,,,,,,2,2,,,,4,,,4,,2,2,2,2,2,,,,,,,,,,,,6,,,,,,,2,,4,14,,,,,,,,,,,4,,
1927,42.934816,-78.813646,"9,767",2982,2686,1313,1180,1296,4352,4,964,56,102,,14,,2,,930,754,20,32,444,24,10,1746,460,24,2,6,,,2,,,4,,,,4,2,,,,,,,,2,6,8,10,,,,,,6,,6,,,,30,,,90,,4,,,,4,16,36,,,,,,,,,,,,,,,,,2,2,,2,,14,6,,6,,10,14,526,,,4,,4,,2,18,,2,6,,4,,,30,,,10,2,,,,,,,2,,,,,,2,14,,,,,,,2,2,2,42,,4,,,8,,,,10,2,,4,
1928,42.890075,-78.872888,"7,603",788,132,720,560,872,4504,,1,9,350,11,11,0,1,,2656,418,6,42,508,88,16,4652,514,46,,,,,,,,,,,,,,,,,,,,,,,,,,,,,,,,,,,,10,,,10,,,,,,,,,,,,,,,,,4,,,2,,,,,,,,,,6,,,,,,18,162,,,,,6,,,,2,,4,,,,4,6,,18,2,4,8,,,6,,,,2,,,,,,4,,,,,,,,2,,10,,,,,,,,,,2,,,
1982,42.874486,-78.857117,"2,460",358,129,217,140,222,324,1,67,58,8,,,2,6,,140,84,,6,32,4,,150,34,8,,,,,,,,,,,,,,,,,,,,,,,,,,,,,,,,,,,,2,,,4,,2,,,,,,,,,,,,,,,,,,,,,,,,,,8,,,,,,,,8,54,,,,,,,,,,,,,,,,8,,,2,,2,,,,,,,,,,,,,,,,,,,,,,,4,,,2,,,,,,2,,,,
1991,42.906769,-78.871658,"8,245",1926,374,1467,1295,828,1592,2,92,17,260,0,20,,,,132,112,,6,48,8,10,1036,114,22,,,,,,,,,,,,,,,,,,,,,,,,,,,,,,2,,,,,,6,,,8,,,,,,,2,,,,,,,,,,,,,,,,,,,,,,,6,,,,,,,204,,,,,2,,,2,,,,,2,,2,,,2,2,,6,,,2,10,,,,,,,,,18,,,,,,,2,4,,4,,,4,,8,,,,2,,2,,2
2011,42.897917,-78.853931,"6,992",768,728,473,355,884,1020,2,253,421,44,2,13,1,5,,352,262,6,10,120,4,2,466,108,20,2,,,,4,,,2,,,,,6,,,,,,,,,,4,8,,,,,,,,,,,,20,,,18,,10,,,,,,4,,,,,,,,,,,,,,,,,,,,16,,,,,10,6,4,6,204,,,8,,,,,6,,,,,2,,,4,,2,,2,,,,,,,,,,,,,,8,2,4,,,2,2,2,4,,8,,2,4,,2,,,,4,,,,
2012,42.89841,-78.853939,"5,496",828,789,505,381,962,1108,2,272,431,40,2,12,0,5,,344,256,4,10,116,4,4,470,108,20,2,,,,4,,,2,,,,,8,,,,,,,,,,6,6,,,,,,,,,,,,20,,,18,,12,,,,,,4,,,,,,,,,,,,,,,,,,2,,12,,,,,10,6,4,4,230,,,8,,,,,6,,,,,2,,,6,,4,,2,,,,6,,,,,,,,,,8,2,4,,,2,2,2,4,,10,,2,2,,2,,,,6,,,,
2013,42.89627,-78.870883,"5,071",1640,558,1205,1059,1016,3672,,104,47,192,4,21,7,2,,408,392,8,6,190,24,4,1668,256,32,,2,,,,,,,,,,,4,,,,,,,,,,,,,,,,,,,,,,,12,,,8,,2,,,,,2,2,,,,,,,,,,,,2,,,,,,2,,2,,10,2,,,,,10,250,,,,,8,,,14,4,,2,,6,2,2,2,,2,,2,2,,,,,,,,,,,,,2,,,,,,4,2,8,,20,,,,,,,,,2,,,,
2014,42.919477,-78.86012,"8,177",1249,884,624,470,782,1298,2,326,184,55,,16,2,1,,236,220,2,8,68,4,2,600,214,24,,4,,,,,,,,,,4,2,,,,,,,,,,2,12,,,,,4,,,,,,,10,2,,22,2,,,,,,4,4,,,,,,,,,2,,2,,,,,,,,,24,,2,2,,,2,,6,180,,,,,,,,6,,,,,4,,,2,,2,,,,,2,4,,,,,,,,,,4,,,,,,2,4,,,14,,,,,2,,,,2,,2,,
2016,42.913945,-78.864961,"7,283",1524,959,971,791,760,1738,2,264,149,91,4,19,2,4,,582,456,12,8,288,18,2,1272,272,36,2,4,,2,,,,,,,,,,,,,,,,,,,,2,,,,,,,,,,2,,38,,,38,,2,,,,,4,4,,,,,,,,,,,,,,,,,,,,,,8,4,,2,,2,10,258,,,,,2,,,2,,,,,,,,,,2,4,,,,,,,,,,,,,,,4,,2,2,,2,,,2,,12,,,,,,,,,,,,,
